case_id,image_date,site_id,annotation_category,measurement_method,observed_spacing,point_group_id,point_n_annotations,point_length_m,point_bearing_deg,point_group_index_mean,bathymetry_raw_m,depth,authoritative_lat,authoritative_lng,U10,window_mean_u10,window_median_u10,window_min_u10,window_max_u10,window_std_u10,window_history_h,hours_u10_le_4,hours_u10_le_5,hours_u10_ge_6,wind_direction_deg,fetch_bin_deg,fetch_at_observation_m,fetch_mean_window_m,fetch_min_window_m,fetch_max_window_m,Ra,L_inst,coarsened_width,mechanical_cell_width,visible_hierarchy_width,visible_spacing_lower,comparison_spacing,pattern_lifetime_s,pattern_lifetime_h,u_star_water,nu_T_vertical,A_H,tau_coarsening_s,tau_next_coarsening_s,n_events,visible_n_events,cell_cap_binding,visible_cap_binding,coarsening_gain_m,mechanical_cap_loss_m,comparison_minus_raw_coarsened_m,comparison_minus_mechanical_m,comparison_minus_onset_m,regime,disruption_triggered,cache_file,source_files
62069e93-48f8-403b-8b0f-73422dd00c30,2024-02-29,neagh,manual,manual,47.9775129032258,62069e93-48f8-403b-8b0f-73422dd00c30,63.0,,,31.0,-13.626177,13.626177,54.66239797355095,-6.338815958992675,6.3149999999999995,5.994999999999999,5.95,5.6,6.3149999999999995,0.2034523461227644,5.5,0.0,0.0,1.5,220.51623160716983,220,22418.15597509441,22418.15597509441,22418.15597509441,22418.15597509441,14639.215828428372,196.18517627931251,392.37035255862503,163.514124,392.37035255862503,196.18517627931251,392.37035255862503,19800.0,5.5,0.009203247622912887,0.008569130815258112,0.12540508108464027,7774.232202329411,31096.928809317644,1,1,True,False,196.18517627931251,228.85622855862502,0.0,228.85622855862502,196.18517627931251,supercritical,False,/home/op/PROJECTS/langmuir_rebuild/data/raw/era5_cache/54p662_6p339_20240219_20240229.json,copernicus_annotations_2026-03-24(2).csv
9c2a1b36-9fa3-48da-9df0-5e78537a7bde,2024-02-29,neagh,manual,manual,37.19904237288136,9c2a1b36-9fa3-48da-9df0-5e78537a7bde,60.0,,,29.5,-11.723264,11.723264,54.56184208119875,-6.467662466888118,6.1899999999999995,5.6499999999999995,5.53,5.24,6.1899999999999995,0.30946959232116555,5.5,0.0,0.0,0.5,223.54120488369728,220,7839.126439677071,7839.126439677071,7839.126439677071,7839.126439677071,14755.254039362144,162.26780924500937,324.53561849001875,140.679168,324.53561849001875,162.26780924500937,324.53561849001875,19800.0,5.5,0.00894958221564691,0.007169237150579614,0.10491831500373365,6357.0218156202955,25428.087262481182,1,1,True,False,162.26780924500937,183.85645049001874,0.0,183.85645049001874,162.26780924500937,supercritical,False,/home/op/PROJECTS/langmuir_rebuild/data/raw/era5_cache/54p562_6p468_20240219_20240229.json,copernicus_annotations_2026-03-24(2).csv
03235bff-e963-47d3-a80b-e112903f105b,2024-03-22,neagh,manual,manual,41.38043773584906,03235bff-e963-47d3-a80b-e112903f105b,54.0,,,26.5,-14.412571,14.412571,54.56209538004077,-6.390520959879203,7.5600000000000005,5.984285714285714,5.2,4.94,7.69,1.1622989183124126,5.5,0.0,3.0,1.5,260.0171975129355,260,7310.88566217178,7310.88566217178,7310.88566217178,7310.88566217178,13569.292171531531,195.63350244005656,391.2670048801131,172.950852,391.2670048801131,195.63350244005656,391.2670048801131,19800.0,5.5,0.01188566256895911,0.011705406378836141,0.17130295565716558,5659.288934242602,22637.15573697041,1,1,True,False,195.63350244005656,218.31615288011312,0.0,218.31615288011312,195.63350244005656,supercritical,False,/home/op/PROJECTS/langmuir_rebuild/data/raw/era5_cache/54p562_6p391_20240312_20240322.json,copernicus_annotations_2026-03-24(2).csv
e3c4104d-2ef6-4e7d-ad5d-55331dac38f1,2024-03-22,neagh,manual,manual,35.71513414634146,e3c4104d-2ef6-4e7d-ad5d-55331dac38f1,42.0,,,20.5,-13.809715,13.809715,54.69124633608315,-6.313324705025384,7.77,6.225714285714285,5.41,5.02,8.04,1.2261537673654512,5.5,0.0,0.0,1.5,258.0347525593043,260,21968.13667159088,21968.13667159088,21968.13667159088,21968.13667159088,13406.46838732614,194.86268887204935,389.7253777440987,165.71658000000002,389.7253777440987,194.86268887204935,389.7253777440987,19800.0,5.5,0.012366457516189148,0.011669484329694581,0.17077725385818002,5632.064496708549,22528.257986834196,1,1,True,False,194.86268887204935,224.00879774409867,0.0,224.00879774409867,194.86268887204935,supercritical,False,/home/op/PROJECTS/langmuir_rebuild/data/raw/era5_cache/54p691_6p313_20240312_20240322.json,copernicus_annotations_2026-03-24(2).csv
2d56ea34-de25-4754-9937-131c87691550,2024-03-30,neagh,manual,manual,38.79219807692308,2d56ea34-de25-4754-9937-131c87691550,53.0,,,26.0,-14.120935,14.120935,54.64226840792184,-6.388251249941961,3.665,2.886428571428571,2.53,2.0,4.1,0.8086086563868046,5.5,4.5,5.5,0.0,175.92894322116433,180,7136.641009123996,7136.641009123996,7136.641009123996,7136.641009123996,17592.46319495245,203.3949266821684,406.7898533643368,169.45121999999998,406.7898533643368,203.3949266821684,406.7898533643368,19800.0,5.5,0.004444328188489936,0.004288359788422316,0.06275806946833414,16697.47953205715,66789.9181282286,1,1,True,False,203.3949266821684,237.33863336433683,0.0,237.33863336433683,203.3949266821684,supercritical,False,/home/op/PROJECTS/langmuir_rebuild/data/raw/era5_cache/54p642_6p388_20240320_20240330.json,copernicus_annotations_2026-03-24(2).csv
5ba1f800-1288-4148-82b2-8b568dc8a8b9,2024-03-30,neagh,manual,manual,42.64070789473684,5ba1f800-1288-4148-82b2-8b568dc8a8b9,39.0,,,19.0,-14.624072,14.624072,54.67560640725435,-6.358476639145937,3.565,2.8721428571428573,2.5,2.06,3.82,0.6742395565315318,5.5,5.5,5.5,0.0,178.43043196678627,180,10557.154211629995,10348.537171224294,9826.994570210038,10557.154211629995,17720.31060483114,214.6008484944462,429.2016969888924,175.488864,429.2016969888924,214.6008484944462,429.2016969888924,19800.0,5.5,0.00429187434006849,0.004288811453228269,0.06276467936411409,18586.08068877089,74344.32275508356,1,1,True,False,214.6008484944462,253.71283298889242,0.0,253.71283298889242,214.6008484944462,supercritical,False,/home/op/PROJECTS/langmuir_rebuild/data/raw/era5_cache/54p676_6p358_20240320_20240330.json,copernicus_annotations_2026-03-24(2).csv
f968ba1c-9e66-42f1-b99f-5105787b2c7a,2024-08-09,neagh,manual,manual,45.42167073170732,f968ba1c-9e66-42f1-b99f-5105787b2c7a,42.0,,,20.5,-14.555559,14.555559,54.6382870281922,-6.323069897090278,6.41,5.948571428571428,6.37,5.03,6.67,0.6187644040788884,5.5,0.0,0.0,2.5,249.4843894683537,240,16775.361921486157,16415.415506315756,15515.549468389758,16775.361921486157,14550.77306408563,207.23456788204663,414.46913576409327,174.666708,414.46913576409327,207.23456788204663,414.46913576409327,19800.0,5.5,0.009397929232065646,0.009347225042332583,0.1367921134151562,7952.498642055399,31809.994568221595,1,1,True,False,207.23456788204663,239.80242776409327,0.0,239.80242776409327,207.23456788204663,supercritical,False,/home/op/PROJECTS/langmuir_rebuild/data/raw/era5_cache/54p638_6p323_20240730_20240809.json,copernicus_annotations_2026-03-24(2).csv
85d72389-649d-4fcc-aea6-5b5085521247,2024-10-01,neagh,manual,manual,41.50606875,85d72389-649d-4fcc-aea6-5b5085521247,33.0,,,16.0,-10.588494,10.588494,54.59065247037907,-6.397605611489192,4.324999999999999,3.489285714285714,3.25,2.95,4.47,0.5911515914565675,5.5,5.0,5.5,0.0,23.06707923937256,20,6337.996410056037,6330.881480826928,6328.035509135283,6337.996410056037,16763.92826822676,149.6819235631587,299.3638471263174,127.06192800000001,299.3638471263174,149.6819235631587,299.3638471263174,19800.0,5.5,0.005503881967395849,0.0039822172201718275,0.05827782118847914,9738.132244252874,38952.5289770115,1,1,True,False,149.6819235631587,172.3019191263174,0.0,172.3019191263174,149.6819235631587,supercritical,False,/home/op/PROJECTS/langmuir_rebuild/data/raw/era5_cache/54p591_6p398_20240921_20241001.json,copernicus_annotations_2026-03-24(2).csv
afee9388-78f5-4a15-bfb3-8604d959feeb,2024-10-11,neagh,manual,manual,41.32171666666667,afee9388-78f5-4a15-bfb3-8604d959feeb,49.0,,,24.0,-14.300511,14.300511,54.61131549361896,-6.353593593644315,4.12,3.812857142857143,3.76,3.58,4.12,0.19143923211253414,5.5,5.0,5.5,0.0,237.0339943867018,240,13145.413716042269,13145.413716042269,13145.413716042269,13145.413716042269,17016.51391813334,209.23739896816687,418.47479793633374,171.606132,418.47479793633374,209.23739896816687,418.47479793633374,19800.0,5.5,0.0051651794850581315,0.005047294122686001,0.07386470604304815,15013.498841931809,60053.995367727235,1,1,True,False,209.23739896816687,246.86866593633374,0.0,246.86866593633374,209.23739896816687,supercritical,False,/home/op/PROJECTS/langmuir_rebuild/data/raw/era5_cache/54p611_6p354_20241001_20241011.json,copernicus_annotations_2026-03-24(2).csv
d41a61de-f731-4a7f-9bf2-52e9a14ecfa1,2024-10-11,neagh,manual,manual,47.3132306122449,d41a61de-f731-4a7f-9bf2-52e9a14ecfa1,50.0,,,24.5,-10.827325,10.827325,54.55506370366507,-6.471246443328527,4.04,3.742857142857143,3.74,3.47,4.04,0.19513469968308597,5.5,5.5,5.5,0.0,233.53715228823185,240,6453.58089806673,6453.580898066729,6453.58089806673,6453.58089806673,17116.49034904938,154.0462236524209,308.0924473048418,129.9279,308.0924473048418,154.0462236524209,308.0924473048418,19800.0,5.5,0.005035301028271994,0.0037253600401570748,0.054518840705935066,11025.435769764485,44101.74307905794,1,1,True,False,154.0462236524209,178.16454730484182,0.0,178.16454730484182,154.0462236524209,supercritical,False,/home/op/PROJECTS/langmuir_rebuild/data/raw/era5_cache/54p555_6p471_20241001_20241011.json,copernicus_annotations_2026-03-24(2).csv
c62ccf45-4187-4aa4-902d-f6d1fed97795,2025-01-01,neagh,manual,manual,41.20394615384616,c62ccf45-4187-4aa4-902d-f6d1fed97795,40.0,,,19.5,-10.028434,10.028434,54.5304417799991,-6.394714811591528,4.11,5.238571428571428,5.22,3.99,6.69,0.9181414234579486,5.5,0.5,1.5,2.0,283.0292000427716,280,3807.141822025601,3865.9602716148765,2974.8563855636667,5051.156405612462,17028.970960348583,139.37723545822254,278.7544709164451,120.34120800000001,278.7544709164451,139.37723545822254,278.7544709164451,19800.0,5.5,0.005148873366964015,0.0035283119114363783,0.051635136734956406,9529.686723410867,38118.74689364347,1,1,True,False,139.37723545822254,158.4132629164451,0.0,158.4132629164451,139.37723545822254,supercritical,False,/home/op/PROJECTS/langmuir_rebuild/data/raw/era5_cache/54p530_6p395_20241222_20250101.json,copernicus_annotations_2026-03-24(2).csv
29c725b0-160f-4c13-a916-84db1ec33ea4,2025-02-05,neagh,manual,manual,44.8625976744186,29c725b0-160f-4c13-a916-84db1ec33ea4,44.0,,,21.5,-10.822725,10.822725,54.54493615086265,-6.384614697383171,3.7,3.4400000000000004,3.43,3.12,3.71,0.2355540580964681,5.5,5.5,5.5,0.0,226.49052875684683,220,6221.884791271753,5317.730643864877,4112.191780655709,6221.884791271753,17547.724777890515,154.87700710476304,309.7540142095261,129.8727,309.7540142095261,154.87700710476304,309.7540142095261,19800.0,5.5,0.004498209760876532,0.0033265799564649464,0.04868288723428247,12480.668024307555,49922.67209723022,1,1,True,False,154.87700710476304,179.88131420952607,0.0,179.88131420952607,154.87700710476304,supercritical,False,/home/op/PROJECTS/langmuir_rebuild/data/raw/era5_cache/54p545_6p385_20250126_20250205.json,copernicus_annotations_2026-03-24(2).csv
d34d678c-51fc-4bd8-993b-3be4dcb2b81b,2025-02-25,neagh,manual,manual,41.93975106382979,d34d678c-51fc-4bd8-993b-3be4dcb2b81b,48.0,,,23.5,-14.070537,14.070537,54.65734077217576,-6.326990880412975,5.83,5.077142857142857,4.85,4.55,5.83,0.46717125295959383,5.5,0.0,5.0,0.0,259.0360535320613,260,18169.21367776573,18217.53037406597,18169.21367776573,18236.857052586067,15103.375846905443,202.56929198866825,405.1385839773365,168.846444,405.1385839773365,202.56929198866825,405.1385839773365,19800.0,5.5,0.008234841712681224,0.007917490805537506,0.11586864500742454,8970.60131151905,35882.4052460762,1,1,True,False,202.56929198866825,236.29213997733652,0.0,236.29213997733652,202.56929198866825,supercritical,False,/home/op/PROJECTS/langmuir_rebuild/data/raw/era5_cache/54p657_6p327_20250215_20250225.json,copernicus_annotations_2026-03-24(2).csv
ebff8dca-1084-42b1-ae1e-36564c64ae80,2025-02-25,neagh,manual,manual,40.76162894736842,ebff8dca-1084-42b1-ae1e-36564c64ae80,39.0,,,19.0,-11.677404,11.677404,54.56193521690015,-6.470204980257033,5.57,4.862857142857144,4.66,4.59,5.57,0.36977654587270814,5.5,0.0,5.0,0.0,260.1942107505957,260,4704.814672186911,6561.711753365236,4704.814672186911,7304.470585836567,15365.698161257413,159.63740692507875,319.2748138501575,140.128848,319.2748138501575,159.63740692507875,319.2748138501575,19800.0,5.5,0.007733243605884762,0.0061706318467462315,0.09030420981633314,7148.280662994879,28593.122651979516,1,1,True,False,159.63740692507875,179.1459658501575,0.0,179.1459658501575,159.63740692507875,supercritical,False,/home/op/PROJECTS/langmuir_rebuild/data/raw/era5_cache/54p562_6p470_20250215_20250225.json,copernicus_annotations_2026-03-24(2).csv
bf879a2a-e8b6-4cb9-a05d-bb3db0adad46,2025-02-28,neagh,manual,manual,56.99612040816327,bf879a2a-e8b6-4cb9-a05d-bb3db0adad46,50.0,,,24.5,-13.940416,13.940416,54.66803885659089,-6.351403736419558,3.22,2.412857142857143,2.32,1.72,3.22,0.5674432453864385,5.5,5.5,5.5,0.0,198.53571518771548,200,10345.360970182175,12262.589178159926,10345.360970182175,17055.659698104304,18156.147072684806,206.13696850094757,206.13696850094757,167.28499200000002,206.13696850094757,206.13696850094757,206.13696850094757,12600.0,3.5,0.003783475912871491,0.00360402957949827,0.05274322815140835,20407.289517303398,20407.289517303398,0,0,True,False,0.0,38.85197650094756,0.0,38.85197650094756,0.0,supercritical,False,/home/op/PROJECTS/langmuir_rebuild/data/raw/era5_cache/54p668_6p351_20250218_20250228.json,copernicus_annotations_2026-03-24(2).csv
2b2acb35-4ebb-4a79-9a29-7ab477e1e115,2025-03-12,neagh,manual,manual,43.20777547169811,2b2acb35-4ebb-4a79-9a29-7ab477e1e115,54.0,,,26.5,-15.079333,15.079333,54.671684357475264,-6.463956072183769,6.050000000000001,5.2871428571428565,4.95,4.6,6.2,0.6389660014589261,5.5,0.0,4.0,0.5,7.0,0,12129.699492099173,12129.699492099173,12129.699492099173,12129.699492099173,14888.579494930407,212.95480092419186,425.9096018483837,180.951996,425.9096018483837,212.95480092419186,425.9096018483837,19800.0,5.5,0.008668838662420646,0.008932328605263891,0.1307203049139155,8787.636455800357,35150.54582320143,1,1,True,False,212.95480092419186,244.9576058483837,0.0,244.9576058483837,212.95480092419186,supercritical,False,/home/op/PROJECTS/langmuir_rebuild/data/raw/era5_cache/54p672_6p464_20250302_20250312.json,copernicus_annotations_2026-03-24(2).csv
aca30c86-591e-4860-836f-85dc75dd5455,2025-03-12,neagh,manual,manual,51.52653409090909,aca30c86-591e-4860-836f-85dc75dd5455,45.0,,,22.0,-14.219376,14.219376,54.57084208889517,-6.379625239257902,5.695,4.832142857142857,4.51,4.25,5.82,0.6265885933418535,5.5,0.0,5.0,0.0,9.0,0,4546.472761708777,4546.472761708777,4546.472761708777,4546.472761708777,15238.353729354109,193.7521014852997,387.5042029705994,170.63251200000002,387.5042029705994,193.7521014852997,387.5042029705994,19800.0,5.5,0.007972866120418805,0.007746698422502041,0.11336918116389627,8387.607450170537,33550.42980068215,1,1,True,False,193.7521014852997,216.8716909705994,0.0,216.8716909705994,193.7521014852997,supercritical,False,/home/op/PROJECTS/langmuir_rebuild/data/raw/era5_cache/54p571_6p380_20250302_20250312.json,copernicus_annotations_2026-03-24(2).csv
b954c4e2-5ef8-4a67-a07a-dfdabe3b9e55,2025-03-30,neagh,manual,manual,42.407941666666666,b954c4e2-5ef8-4a67-a07a-dfdabe3b9e55,25.0,,,12.0,-16.1199,16.1199,54.64598173068303,-6.404583750915418,5.289999999999999,5.408571428571428,5.24,4.99,6.33,0.40656851720672305,5.5,0.0,1.0,1.0,311.94895513280375,320,9069.372400043318,11974.698113004984,9069.372400043318,16618.43278359879,15659.274716971784,227.45386183580567,454.90772367161134,193.43880000000001,454.90772367161134,227.45386183580567,454.90772367161134,19800.0,5.5,0.007206805853844633,0.007938287166567854,0.11617298968339011,11280.32798105601,45121.31192422404,1,1,True,False,227.45386183580567,261.4689236716113,0.0,261.4689236716113,227.45386183580567,supercritical,False,/home/op/PROJECTS/langmuir_rebuild/data/raw/era5_cache/54p646_6p405_20250320_20250330.json,copernicus_annotations_2026-03-24(2).csv
e85c4b2d-1b03-4c0c-9cb1-b896d8be3f41,2025-03-30,neagh,manual,manual,38.66078484848485,e85c4b2d-1b03-4c0c-9cb1-b896d8be3f41,34.0,,,16.5,-8.60267,8.60267,54.5213104115528,-6.384583495976907,4.945,5.012142857142857,5.0,4.51,5.33,0.24669033716175348,5.5,0.0,3.0,0.0,310.93831529719694,320,2219.735827271378,3044.9118922068556,2219.735827271378,3483.200179019845,16037.482662232844,115.11605189798804,230.2321037959761,103.23204,230.2321037959761,115.11605189798804,230.2321037959761,19800.0,5.5,0.006577924581817315,0.003866729510236659,0.056587714462262365,5931.846203856906,23727.384815427624,1,1,True,False,115.11605189798804,127.00006379597609,0.0,127.00006379597609,115.11605189798804,supercritical,False,/home/op/PROJECTS/langmuir_rebuild/data/raw/era5_cache/54p521_6p385_20250320_20250330.json,copernicus_annotations_2026-03-24(2).csv
a6b9d9ab-a28f-4097-9436-ec4f34e4012d,2025-04-06,neagh,manual,manual,39.25008292682927,a6b9d9ab-a28f-4097-9436-ec4f34e4012d,42.0,,,20.5,-7.514905,7.514905,54.53767036518645,-6.502431130283735,4.609999999999999,4.351428571428571,4.36,3.88,4.99,0.37695882956056814,5.5,2.0,5.5,0.0,114.50216925246224,120,6186.757818100147,6645.7053889860545,6186.757818100147,6989.916067150487,16422.635600539026,105.55071097500696,211.10142195001393,90.17886,211.10142195001393,105.55071097500696,211.10142195001393,19800.0,5.5,0.0059884842650913,0.0030751198524455936,0.045002890346155934,6270.788911382706,25083.155645530824,1,1,True,False,105.55071097500696,120.92256195001393,0.0,120.92256195001393,105.55071097500696,supercritical,False,/home/op/PROJECTS/langmuir_rebuild/data/raw/era5_cache/54p538_6p502_20250327_20250406.json,copernicus_annotations_2026-03-24(2).csv
215706c1-3e3b-4726-8e17-b1dc20d79ca9,2025-09-26,neagh,manual,manual,35.5749875,215706c1-3e3b-4726-8e17-b1dc20d79ca9,65.0,,,32.0,-16.602852,16.602852,54.610839250599454,-6.437407228534103,5.445,4.385,4.14,3.67,5.445,0.7113719139803034,5.5,3.0,5.0,0.0,155.0064285682564,160,4870.862151331766,5194.4773208696715,4870.862151331766,5323.923388684833,15495.314823354955,227.7300695150695,455.460139030139,199.23422399999998,455.460139030139,227.7300695150695,455.460139030139,19800.0,5.5,0.007496460785436514,0.008504731545252974,0.1244626289444062,10554.606601952168,42218.42640780867,1,1,True,False,227.7300695150695,256.225915030139,0.0,256.225915030139,227.7300695150695,supercritical,False,/home/op/PROJECTS/langmuir_rebuild/data/raw/era5_cache/54p611_6p437_20250916_20250926.json,copernicus_annotations_2026-03-24(2).csv
e4b83d80-94a0-465d-a452-72846860a6ce,2025-09-26,neagh,manual,manual,41.22745526315789,e4b83d80-94a0-465d-a452-72846860a6ce,39.0,,,19.0,-15.557125,15.557125,54.67366344236636,-6.458913028259,5.875,4.739285714285714,4.42,4.06,5.875,0.731028769081279,5.5,0.0,5.0,0.0,154.51063856780922,160,4509.784227271295,5142.606308934876,4509.784227271295,5986.369084486318,15058.854897819068,211.35982269731375,422.7196453946275,186.6855,422.7196453946275,211.35982269731375,422.7196453946275,19800.0,5.5,0.008322900757663955,0.00884760441803349,0.12948040744957284,8739.389143082895,34957.55657233158,1,1,True,False,211.35982269731375,236.0341453946275,0.0,236.0341453946275,211.35982269731375,supercritical,False,/home/op/PROJECTS/langmuir_rebuild/data/raw/era5_cache/54p674_6p459_20250916_20250926.json,copernicus_annotations_2026-03-24(2).csv
ffb0d6db-3275-4f2e-a47f-ee2b8ee50c6d,2025-10-28,neagh,manual,manual,34.484857142857145,ffb0d6db-3275-4f2e-a47f-ee2b8ee50c6d,36.0,,,17.5,-15.015992,15.015992,54.57456528831466,-6.394279384078705,6.17,6.632857142857143,6.85,5.82,7.02,0.4180127915238371,5.5,0.0,0.0,5.0,254.94326816391623,260,7672.388447487071,7672.388447487071,7672.388447487071,7672.388447487071,14774.14621494376,207.72469522785832,415.44939045571664,180.19190400000002,415.44939045571664,207.72469522785832,415.44939045571664,19800.0,5.5,0.00890925860193835,0.00914149514016002,0.13378135589263745,8169.978824594646,32679.915298378583,1,1,True,False,207.72469522785832,235.25748645571662,0.0,235.25748645571662,207.72469522785832,supercritical,False,/home/op/PROJECTS/langmuir_rebuild/data/raw/era5_cache/54p575_6p394_20251018_20251028.json,copernicus_annotations_2026-03-24(2).csv
6a071d52-c1fc-4799-bd5a-12e9a1a44e99,2025-11-02,neagh,manual,manual,49.44464651162791,6a071d52-c1fc-4799-bd5a-12e9a1a44e99,44.0,,,21.5,-10.773585,10.773585,54.569962233017485,-6.498426374283218,4.545,4.366428571428572,4.37,3.88,4.85,0.3237140965829733,5.5,1.0,5.5,0.0,217.54785598917033,220,7538.993422545725,7538.993422545725,7538.993422545725,7538.993422545725,16499.397883071837,152.7690968777065,305.538193755413,129.28302000000002,305.538193755413,152.7690968777065,305.538193755413,19800.0,5.5,0.00587657910010775,0.004326198756246008,0.06331182444423436,9337.410606721925,37349.6424268877,1,1,True,False,152.7690968777065,176.25517375541295,0.0,176.25517375541295,152.7690968777065,supercritical,False,/home/op/PROJECTS/langmuir_rebuild/data/raw/era5_cache/54p570_6p498_20251023_20251102.json,copernicus_annotations_2026-03-24(2).csv
de5a92dc-a7a9-4417-a6cb-41759789308a,2025-11-02,neagh,manual,manual,58.30911111111112,de5a92dc-a7a9-4417-a6cb-41759789308a,37.0,,,18.0,-16.129223,16.129223,54.66777654921132,-6.394144639216204,4.550000000000001,4.365714285714286,4.4,3.83,4.83,0.3219963239744536,5.5,1.0,5.5,0.0,214.07912886365776,220,9483.68797808284,9177.498077920744,7340.358676948175,9483.68797808284,16493.469885971594,230.89092789520654,461.7818557904131,193.550676,461.7818557904131,230.89092789520654,461.7818557904131,19800.0,5.5,0.005885158428935356,0.006486243439833322,0.094923032690628,14225.98663675838,56903.94654703352,1,1,True,False,230.89092789520654,268.2311797904131,0.0,268.2311797904131,230.89092789520654,supercritical,False,/home/op/PROJECTS/langmuir_rebuild/data/raw/era5_cache/54p668_6p394_20251023_20251102.json,copernicus_annotations_2026-03-24(2).csv
86f4e510-de58-4a07-bdc1-c3af2012e61d,2025-11-24,neagh,manual,manual,50.8905523076923,86f4e510-de58-4a07-bdc1-c3af2012e61d,66.0,,,32.5,-11.911749,11.911749,54.56148424877953,-6.457614992980714,4.575,4.560714285714286,4.575,4.24,4.8,0.17965102225124782,5.5,0.0,5.5,0.0,349.4994535380407,340,8479.461316536392,8410.003521726529,8317.393128646712,8479.461316536392,16463.887479041874,169.64495313983366,339.2899062796673,142.940988,339.2899062796673,169.64495313983366,339.2899062796673,19800.0,5.5,0.005928127057398529,0.004825192857464577,0.07061436154783987,10323.55116777656,41294.20467110624,1,1,True,False,169.64495313983366,196.34891827966732,0.0,196.34891827966732,169.64495313983366,supercritical,False,/home/op/PROJECTS/langmuir_rebuild/data/raw/era5_cache/54p561_6p458_20251114_20251124.json,copernicus_annotations_2026-03-20(1).csv
9ab21fee-caaa-4d83-9dde-75ac31454a92,2025-11-24,neagh,manual,manual,66.26376666666667,9ab21fee-caaa-4d83-9dde-75ac31454a92,49.0,,,24.0,-16.651491,16.651491,54.63081651708624,-6.438369070347018,4.805,4.6207142857142856,4.71,4.24,4.85,0.2181812577296449,5.5,0.0,5.5,0.0,353.49739847714653,0,8705.25614784914,8705.25614784914,8705.25614784914,8705.25614784914,16196.289763682214,236.4413187084557,472.8826374169114,199.817892,472.8826374169114,236.4413187084557,472.8826374169114,19800.0,5.5,0.006329022618815685,0.007201308465803177,0.1053876631760058,13436.84273799552,53747.37095198208,1,1,True,False,236.4413187084557,273.06474541691136,0.0,273.06474541691136,236.4413187084557,supercritical,False,/home/op/PROJECTS/langmuir_rebuild/data/raw/era5_cache/54p631_6p438_20251114_20251124.json,copernicus_annotations_2026-03-20(1).csv
f02369e7-328d-4f15-956c-6be72c20fc86,2025-11-25,neagh,manual,manual,63.642425,f02369e7-328d-4f15-956c-6be72c20fc86,33.0,,,16.0,-13.681179,13.681179,54.62729732550434,-6.367834582602002,2.0,2.738571428571429,2.7,2.0,3.69,0.5764281288721969,5.5,5.5,5.5,0.0,316.78034656259126,320,5941.478966962422,5941.478966962422,5941.478966962422,5941.478966962422,19219.56110530605,205.68560369625826,205.68560369625826,164.174148,205.68560369625826,205.68560369625826,205.68560369625826,19800.0,5.5,0.0022199608905654287,0.0020753458839253697,0.030371682316825042,35284.113151092664,35284.113151092664,0,0,True,False,0.0,41.51145569625825,0.0,41.51145569625825,0.0,supercritical,False,/home/op/PROJECTS/langmuir_rebuild/data/raw/era5_cache/54p627_6p368_20251115_20251125.json,copernicus_annotations_2026-03-20(1).csv
96b58610-86ec-4e05-8e6b-e9ca71a7e103,2025-12-02,neagh,manual,manual,41.97626363636363,96b58610-86ec-4e05-8e6b-e9ca71a7e103,45.0,,,22.0,-13.589301,13.589301,54.62598631163349,-6.356038564910834,5.640000000000001,5.12,4.96,4.81,5.640000000000001,0.3261025255082476,5.5,0.0,4.0,0.0,193.99113385156443,200,11801.84287142011,13759.375710030507,11801.84287142011,18653.20780655649,15294.11002182017,192.81211853794832,385.62423707589664,163.07161200000002,385.62423707589664,192.81211853794832,385.62423707589664,19800.0,5.5,0.007867082766430174,0.007305206164933889,0.10690815570493233,8808.421307054086,35233.685228216345,1,1,True,False,192.81211853794832,222.55262507589663,0.0,222.55262507589663,192.81211853794832,supercritical,False,/home/op/PROJECTS/langmuir_rebuild/data/raw/era5_cache/54p626_6p356_20251122_20251202.json,copernicus_annotations_2026-03-20(1).csv
d955cd0b-4893-459e-8ee8-642a3864a351,2025-12-02,neagh,manual,manual,48.18048666666667,d955cd0b-4893-459e-8ee8-642a3864a351,31.0,,,15.0,-10.221962,10.221962,54.55062454847886,-6.47505961224936,5.365,4.9750000000000005,4.91,4.7,5.365,0.2521479157728086,5.5,0.0,5.0,0.0,193.99533969455123,200,6954.601069163969,6954.6010691639685,6954.601069163969,6954.601069163969,15579.486948865788,142.4739395659556,284.9478791319112,122.663544,284.9478791319112,142.4739395659556,284.9478791319112,19800.0,5.5,0.007346413568629585,0.005131345710108636,0.075094760334816,6847.018386777006,27388.073547108022,1,1,True,False,142.4739395659556,162.28433513191118,0.0,162.28433513191118,142.4739395659556,supercritical,False,/home/op/PROJECTS/langmuir_rebuild/data/raw/era5_cache/54p551_6p475_20251122_20251202.json,copernicus_annotations_2026-03-20(1).csv
0345649c-7a74-47f3-bc24-76e4b2c44aa7,2025-12-12,neagh,manual,manual,69.8883,0345649c-7a74-47f3-bc24-76e4b2c44aa7,32.0,,,15.5,-16.401686,16.401686,54.67933333752662,-6.410492659702437,3.9349999999999996,3.6649999999999996,3.72,3.35,3.9349999999999996,0.18983075168611185,5.5,5.5,5.5,0.0,183.95806436428632,180,7248.515840106702,7248.515840106702,7248.515840106702,7248.515840106702,17248.726544044683,235.00335987148213,470.00671974296426,196.82023200000003,470.00671974296426,235.00335987148213,470.00671974296426,19800.0,5.5,0.0048668335518142905,0.005454521101194871,0.07982427573112273,17524.8140895542,70099.2563582168,1,1,True,False,235.00335987148213,273.18648774296423,0.0,273.18648774296423,235.00335987148213,supercritical,False,/home/op/PROJECTS/langmuir_rebuild/data/raw/era5_cache/54p679_6p410_20251202_20251212.json,copernicus_annotations_2026-03-20(1).csv
27c82753-bb1a-40c3-b4c8-11ec016d6ff4,2025-12-12,neagh,manual,manual,87.91182500000001,27c82753-bb1a-40c3-b4c8-11ec016d6ff4,17.0,,,8.0,-12.718764,12.718764,54.56300336553704,-6.44439417149941,3.7199999999999998,3.502857142857143,3.54,3.21,3.7199999999999998,0.15681784571500101,5.5,5.5,5.5,0.0,185.44353550473076,180,9389.188890359655,9389.188890359655,9389.188890359655,9389.188890359655,17522.172221283847,185.07402265682546,370.1480453136509,152.625168,370.1480453136509,185.07402265682546,370.1480453136509,19800.0,5.5,0.0045291195985712905,0.003936228825919044,0.05760480330200298,15061.648030135397,60246.59212054159,1,1,True,False,185.07402265682546,217.52287731365092,0.0,217.52287731365092,185.07402265682546,supercritical,False,/home/op/PROJECTS/langmuir_rebuild/data/raw/era5_cache/54p563_6p444_20251202_20251212.json,copernicus_annotations_2026-03-20(1).csv
75c3f919-db63-46e2-8409-24b4ad241d28,2025-12-12,neagh,manual,manual,56.23269677419355,75c3f919-db63-46e2-8409-24b4ad241d28,32.0,,,15.5,-12.855518,12.855518,54.56260375843491,-6.418145967454722,3.7199999999999998,3.502857142857143,3.54,3.21,3.7199999999999998,0.15681784571500101,5.5,5.5,5.5,0.0,185.44353550473076,180,11089.188890359655,11089.188890359655,11089.188890359655,11089.188890359655,17522.172228561107,188.36460284946955,376.7292056989391,154.266216,376.7292056989391,188.36460284946955,376.7292056989391,19800.0,5.5,0.0045291195985712905,0.003978551730633664,0.058224178523586,15436.02530796876,61744.10123187504,1,1,True,False,188.36460284946955,222.4629896989391,0.0,222.4629896989391,188.36460284946955,supercritical,False,/home/op/PROJECTS/langmuir_rebuild/data/raw/era5_cache/54p563_6p418_20251202_20251212.json,copernicus_annotations_2026-03-20(1).csv
b38352e8-726c-49b8-b375-c36369f1dbd3,2024-07-23,neagh,stream,stream,189.4990083333333,b38352e8-726c-49b8-b375-c36369f1dbd3,13.0,,,6.0,-14.784148,14.784148,54.57184592244035,-6.397940138362129,2.6550000000000002,3.0635714285714286,2.93,2.6550000000000002,3.84,0.3470355507284343,5.5,5.5,5.5,0.0,334.8497717000147,340,4607.404410708505,4775.027485051655,4607.404410708505,5780.76593111055,18794.637308970807,214.79402768389753,214.79402768389753,177.409776,214.79402768389753,214.79402768389753,214.79402768389753,19800.0,5.5,0.003013626109801024,0.003044439239192009,0.04455389442396259,26230.042561392296,26230.042561392296,0,0,True,False,0.0,37.38425168389753,0.0,37.38425168389753,0.0,supercritical,False,/home/op/PROJECTS/langmuir_rebuild/data/raw/era5_cache/54p572_6p398_20240713_20240723.json,copernicus_annotations_2026-03-24(2).csv
f0a7eb78-4313-4550-9394-143c0bd05ea8,2024-07-23,neagh,stream,stream,99.58981333333332,f0a7eb78-4313-4550-9394-143c0bd05ea8,16.0,,,7.5,-13.830235,13.830235,54.69141496196277,-6.376749518146798,3.125,3.4678571428571425,3.36,3.11,4.31,0.3859853544858288,5.5,4.5,5.5,0.0,333.6128256318673,340,6979.001023978882,6946.2828302067355,6749.973667573858,6979.001023978882,18272.61098040948,201.6836557252463,201.6836557252463,165.96282,201.6836557252463,201.6836557252463,201.6836557252463,19800.0,5.5,0.0036484483896208715,0.003447937669478527,0.05045889861382821,20419.443696251285,20419.443696251285,0,0,True,False,0.0,35.7208357252463,0.0,35.7208357252463,0.0,supercritical,False,/home/op/PROJECTS/langmuir_rebuild/data/raw/era5_cache/54p691_6p377_20240713_20240723.json,copernicus_annotations_2026-03-24(2).csv
6d5fdbf3-cdef-4945-ab2d-ea10aedefe14,2024-07-28,neagh,stream,stream,32.44494,6d5fdbf3-cdef-4945-ab2d-ea10aedefe14,26.0,,,12.5,-15.057747,15.057747,54.68064572013595,-6.368736141328098,3.37,1.8100000000000003,1.52,0.52,3.37,1.1365989366778164,5.5,5.5,5.5,0.0,166.5712328553384,160,5740.176931716858,5560.3974016620205,2586.4205388266814,9398.652822352553,17968.38792055948,216.4379045965398,216.4379045965398,180.69296400000002,216.4379045965398,216.4379045965398,216.4379045965398,9000.0,2.5,0.004001101600598548,0.004116813707636934,0.06024757562310799,19695.514456492376,19695.514456492376,0,0,True,False,0.0,35.74494059653978,0.0,35.74494059653978,0.0,supercritical,False,/home/op/PROJECTS/langmuir_rebuild/data/raw/era5_cache/54p681_6p369_20240718_20240728.json,copernicus_annotations_2026-03-24(2).csv
5d696837-6c59-4ff5-ae6f-4d45291bf244,2024-08-09,neagh,stream,stream,94.71690833333334,5d696837-6c59-4ff5-ae6f-4d45291bf244,13.0,,,6.0,-16.171812,16.171812,54.67215398199601,-6.411144013107896,6.57,5.867142857142857,6.12,4.94,6.59,0.6809177480370421,5.5,0.0,2.0,2.5,250.5076151833896,260,17673.08727681854,19346.000528025634,17673.08727681854,20015.16582850847,14405.666633209968,230.3185218857373,460.6370437714746,194.06174399999998,460.6370437714746,230.3185218857373,460.6370437714746,19800.0,5.5,0.009729521390427211,0.010751567865452082,0.15734399077596745,8539.802591911764,34159.21036764706,1,1,True,False,230.3185218857373,266.57529977147465,0.0,266.57529977147465,230.3185218857373,supercritical,False,/home/op/PROJECTS/langmuir_rebuild/data/raw/era5_cache/54p672_6p411_20240730_20240809.json,copernicus_annotations_2026-03-24(2).csv
14fe7ae8-d764-4d46-9368-b9d997fc7356,2024-08-14,neagh,stream,stream,41.69476,14fe7ae8-d764-4d46-9368-b9d997fc7356,11.0,,,5.0,-11.314143,11.314143,54.69839485854614,-6.346915809284548,3.91,2.424285714285714,2.18,1.35,3.91,0.91838145113886,5.5,5.5,5.5,0.0,191.6663455216596,200,11509.509384315268,11048.206414561038,6744.931320783624,13084.51821901119,17280.361281460304,165.34238350756013,165.34238350756013,135.769716,165.34238350756013,165.34238350756013,165.34238350756013,12600.0,3.5,0.004827060488127936,0.0037318660241681518,0.05461405263232927,12679.56185460007,12679.56185460007,0,0,True,False,0.0,29.57266750756014,0.0,29.57266750756014,0.0,supercritical,False,/home/op/PROJECTS/langmuir_rebuild/data/raw/era5_cache/54p698_6p347_20240804_20240814.json,copernicus_annotations_2026-03-24(2).csv
3eed8c43-7c6a-4c84-96aa-705199885435,2024-09-06,neagh,stream,stream,89.37044444444444,3eed8c43-7c6a-4c84-96aa-705199885435,10.0,,,4.5,-12.150752,12.150752,54.594550248687554,-6.489487492523668,3.025,3.309285714285714,3.3,2.94,3.76,0.27224501269770857,5.5,5.5,5.5,0.0,44.54215838479797,40,21005.191806867944,21005.191806867948,21005.191806867944,21005.191806867944,18392.31810546144,185.9857772289174,185.9857772289174,145.80902400000002,185.9857772289174,185.9857772289174,185.9857772289174,19800.0,5.5,0.003508712810459265,0.0029132155458902863,0.042633499199113536,20551.747325040633,20551.747325040633,0,0,True,False,0.0,40.17675322891739,0.0,40.17675322891739,0.0,supercritical,False,/home/op/PROJECTS/langmuir_rebuild/data/raw/era5_cache/54p595_6p489_20240827_20240906.json,copernicus_annotations_2026-03-24(2).csv
0491cf85-cd53-4f82-9fd2-1161bf079129,2024-09-18,neagh,stream,stream,63.24060714285714,0491cf85-cd53-4f82-9fd2-1161bf079129,29.0,,,14.0,-15.015375,15.015375,54.57252630786392,-6.394143544427273,2.315,2.292142857142857,2.19,2.05,2.73,0.23853506994116555,5.5,5.5,5.5,0.0,114.89196488455633,120,18051.56468820737,16878.63702772677,15314.733480419296,18051.56468820737,19074.17101928394,233.57791515041,233.57791515041,180.1845,233.57791515041,233.57791515041,233.57791515041,19800.0,5.5,0.0025891911680319376,0.002656574130998322,0.038877676334687555,35547.046221078286,35547.046221078286,0,0,True,False,0.0,53.39341515040999,0.0,53.39341515040999,0.0,supercritical,False,/home/op/PROJECTS/langmuir_rebuild/data/raw/era5_cache/54p573_6p394_20240908_20240918.json,copernicus_annotations_2026-03-24(2).csv
8a978be2-161a-422f-acfe-0ec430ff43ef,2024-09-18,neagh,stream,stream,44.69072413793104,8a978be2-161a-422f-acfe-0ec430ff43ef,30.0,,,14.5,-13.9549,13.9549,54.62699289845644,-6.342189524612364,2.63,2.3814285714285717,2.49,1.97,2.89,0.32612129958163777,5.5,5.5,5.5,0.0,125.89349298226352,120,9643.412691810909,9643.412691810909,9643.412691810909,9643.412691810909,18818.69437732617,209.24766292388745,209.24766292388745,167.4588,209.24766292388745,209.24766292388745,209.24766292388745,12600.0,3.5,0.0029814329925730784,0.0028429774909564166,0.041605599268058055,26656.904351238867,26656.904351238867,0,0,True,False,0.0,41.78886292388745,0.0,41.78886292388745,0.0,supercritical,False,/home/op/PROJECTS/langmuir_rebuild/data/raw/era5_cache/54p627_6p342_20240908_20240918.json,copernicus_annotations_2026-03-24(2).csv
51de510b-9548-4608-8016-7f3aca78431a,2025-08-07,neagh,stream,stream,39.37512608695652,51de510b-9548-4608-8016-7f3aca78431a,24.0,,,11.5,-13.682244,13.682244,54.644764131476414,-6.316219044952536,6.15,5.161428571428571,4.83,4.23,6.15,0.7651597138866514,5.5,0.0,4.0,0.5,246.01301341577118,240,17580.726833372148,16877.271377626217,12656.538643150656,17580.726833372148,14793.201849473884,195.79066808684985,391.5813361736997,164.18692800000002,391.5813361736997,195.79066808684985,391.5813361736997,19800.0,5.5,0.008869007466440128,0.008291898761850259,0.12134792419365564,8001.877312002034,32007.509248008137,1,1,True,False,195.79066808684985,227.39440817369967,0.0,227.39440817369967,195.79066808684985,supercritical,False,/home/op/PROJECTS/langmuir_rebuild/data/raw/era5_cache/54p645_6p316_20250728_20250807.json,copernicus_annotations_2026-03-24(2).csv
861653e0-a21c-4737-a3c3-644e0d37a900,2025-08-07,neagh,stream,stream,44.74076111111111,861653e0-a21c-4737-a3c3-644e0d37a900,19.0,,,9.0,-9.49266,9.49266,54.70690481993844,-6.252645643390065,6.15,5.161428571428571,4.83,4.23,6.15,0.7651597138866514,5.5,0.0,4.0,0.5,246.01301341577118,240,25666.042498223003,22461.793735648545,3236.301160201804,25666.042498223003,14827.935015639552,135.77668223926673,271.55336447853347,113.91192000000001,271.55336447853347,135.77668223926673,271.55336447853347,19800.0,5.5,0.008869007466440128,0.005752870340615582,0.08419047241637755,5546.610908011692,22186.44363204677,1,1,True,False,135.77668223926673,157.64144447853346,0.0,157.64144447853346,135.77668223926673,supercritical,False,/home/op/PROJECTS/langmuir_rebuild/data/raw/era5_cache/54p707_6p253_20250728_20250807.json,copernicus_annotations_2026-03-24(2).csv
689b3034-30eb-42ca-bff8-79caf7918f5f,2025-08-17,neagh,stream,stream,43.66888461538461,689b3034-30eb-42ca-bff8-79caf7918f5f,40.0,,,19.5,-13.0786,13.0786,54.593892758873736,-6.381769334526046,3.75,2.995714285714286,2.91,2.34,3.75,0.5198312127949979,5.5,5.5,5.5,0.0,112.05867260384667,120,17536.185532027976,14534.877252876006,12283.896043512032,17536.185532027976,17483.869059639437,195.174535055312,390.349070110624,156.9432,390.349070110624,195.174535055312,390.349070110624,19800.0,5.5,0.004575647594191188,0.004089172820794986,0.05984306462538887,16123.998315546278,64495.99326218511,1,1,True,False,195.174535055312,233.405870110624,0.0,233.405870110624,195.174535055312,supercritical,False,/home/op/PROJECTS/langmuir_rebuild/data/raw/era5_cache/54p594_6p382_20250807_20250817.json,copernicus_annotations_2026-03-24(2).csv
8f9b00c1-7390-42db-9dc5-f29fd519f71f,2025-08-17,neagh,stream,stream,41.38408648648649,8f9b00c1-7390-42db-9dc5-f29fd519f71f,38.0,,,18.5,-14.655547,14.655547,54.61428816961975,-6.46315129949472,3.75,2.995714285714286,2.91,2.34,3.75,0.5198312127949979,5.5,5.5,5.5,0.0,112.05867260384667,120,8005.853440172244,11990.541226361993,8005.853440172244,14979.057066004303,17483.866945595386,211.7037945877938,423.4075891755876,175.866564,423.4075891755876,211.7037945877938,423.4075891755876,19800.0,5.5,0.004575647594191188,0.004582223209386594,0.06705861837210589,16929.453809082424,67717.8152363297,1,1,True,False,211.7037945877938,247.54102517558758,0.0,247.54102517558758,211.7037945877938,supercritical,False,/home/op/PROJECTS/langmuir_rebuild/data/raw/era5_cache/54p614_6p463_20250807_20250817.json,copernicus_annotations_2026-03-24(2).csv
a2c30aab-e595-4427-9775-f0c5216ae9f1,2025-08-17,neagh,stream,stream,87.3306125,a2c30aab-e595-4427-9775-f0c5216ae9f1,17.0,,,8.0,-7.476474,7.476474,54.542826316571,-6.528625641514994,3.75,2.995714285714286,2.91,2.34,3.75,0.5198312127949979,5.5,5.5,5.5,0.0,112.05867260384667,120,4240.64531242264,4728.366544395102,4240.64531242264,5094.157468374448,17483.8669455954,105.17764278395111,210.35528556790223,89.717688,210.35528556790223,105.17764278395111,210.35528556790223,19800.0,5.5,0.004575647594191188,0.0023376045047772977,0.03420971027113297,8191.015236318923,32764.06094527569,1,1,True,False,105.17764278395111,120.63759756790223,0.0,120.63759756790223,105.17764278395111,supercritical,False,/home/op/PROJECTS/langmuir_rebuild/data/raw/era5_cache/54p543_6p529_20250807_20250817.json,copernicus_annotations_2026-03-24(2).csv
d5154891-f5d1-454d-bf86-7c8006598bf6,2025-08-17,neagh,stream,stream,41.15346382978724,d5154891-f5d1-454d-bf86-7c8006598bf6,48.0,,,23.5,-7.087198,7.087198,54.5456719630082,-6.545192428493279,3.75,2.995714285714286,2.91,2.34,3.75,0.5198312127949979,5.5,5.5,5.5,0.0,112.05867260384667,120,3000.8513620669405,3599.9447689361436,3000.8513620669405,4049.264824088046,17483.866945595393,98.2752851734126,196.5505703468252,85.046376,196.5505703468252,98.2752851734126,196.5505703468252,19800.0,5.5,0.004575647594191188,0.002215892942455048,0.032428520478256596,7544.001288272509,30176.005153090035,1,1,True,False,98.2752851734126,111.5041943468252,0.0,111.5041943468252,98.2752851734126,supercritical,False,/home/op/PROJECTS/langmuir_rebuild/data/raw/era5_cache/54p546_6p545_20250807_20250817.json,copernicus_annotations_2026-03-24(2).csv
0574dd04-f7c8-47e0-a10b-74b384616825,2025-09-08,neagh,stream,stream,99.39977272727272,0574dd04-f7c8-47e0-a10b-74b384616825,12.0,,,5.5,-9.172315,9.172315,54.53287813805014,-6.417332652587682,4.295,3.672142857142858,3.61,2.93,4.295,0.49608364172973557,5.5,4.0,5.5,0.0,200.52270138998597,200,4371.17052124036,4371.17052124036,4371.17052124036,4371.17052124036,16800.542716883836,127.74499239161553,255.48998478323105,110.06778,255.48998478323105,127.74499239161553,255.48998478323105,19800.0,5.5,0.005453793007312535,0.003418214021001754,0.05002390740786787,8263.241033441276,33052.964133765105,1,1,True,False,127.74499239161553,145.42220478323105,0.0,145.42220478323105,127.74499239161553,supercritical,False,/home/op/PROJECTS/langmuir_rebuild/data/raw/era5_cache/54p533_6p417_20250829_20250908.json,copernicus_annotations_2026-03-24(2).csv
13f4bc67-64a0-4138-a77e-24a90a3dbc43,2025-09-08,neagh,stream,stream,183.87415,13f4bc67-64a0-4138-a77e-24a90a3dbc43,11.0,,,5.0,-15.955824,15.955824,54.64333124829764,-6.454618348222363,4.755,3.853571428571428,3.75,2.88,4.755,0.696269212536739,5.5,4.0,5.5,0.0,200.04522014488532,200,3423.3756977780736,3423.375697778073,3423.3756977780736,3423.3756977780736,16253.757149675755,218.11200195846877,436.22400391693753,191.469888,436.22400391693753,218.11200195846877,436.22400391693753,19800.0,5.5,0.0062410196283491865,0.006804503238426618,0.09958061077048502,12101.093193991288,48404.37277596515,1,1,True,False,218.11200195846877,244.75411591693754,0.0,244.75411591693754,218.11200195846877,supercritical,False,/home/op/PROJECTS/langmuir_rebuild/data/raw/era5_cache/54p643_6p455_20250829_20250908.json,copernicus_annotations_2026-03-24(2).csv
3076b16b-4568-4791-a2fa-4c738ff72047,2025-09-08,neagh,stream,stream,89.53478125,3076b16b-4568-4791-a2fa-4c738ff72047,17.0,,,8.0,-10.000265,10.000265,54.54866867197856,-6.470354378752016,4.295,3.672142857142858,3.61,2.93,4.295,0.49608364172973557,5.5,4.0,5.5,0.0,200.52270138998597,200,8004.414176381386,8004.414176381384,8004.414176381386,8004.414176381386,16800.542821883177,142.8274779249323,285.6549558498646,120.00318000000001,285.6549558498646,142.8274779249323,285.6549558498646,19800.0,5.5,0.005453793007312535,0.0037267632039166896,0.05453937532827229,9474.441938912789,37897.767755651155,1,1,True,False,142.8274779249323,165.6517758498646,0.0,165.6517758498646,142.8274779249323,supercritical,False,/home/op/PROJECTS/langmuir_rebuild/data/raw/era5_cache/54p549_6p470_20250829_20250908.json,copernicus_annotations_2026-03-24(2).csv
7d7bccdf-13c4-4d5c-8e7b-bf78dd716e65,2025-09-08,neagh,stream,stream,74.41709999999999,7d7bccdf-13c4-4d5c-8e7b-bf78dd716e65,16.0,,,7.5,-7.5989895,7.5989895,54.53042168966496,-6.446392360782609,4.295,3.672142857142858,3.61,2.93,4.295,0.49608364172973557,5.5,4.0,5.5,0.0,200.52270138998597,200,7463.431236916849,7463.431236916848,7463.431236916849,7463.431236916849,16800.548402858636,108.19635321104697,216.39270642209394,91.187874,216.39270642209394,108.19635321104697,216.39270642209394,19800.0,5.5,0.005453793007312535,0.002831888400512314,0.04144331579774138,7155.022669856197,28620.09067942479,1,1,True,False,108.19635321104697,125.20483242209394,0.0,125.20483242209394,108.19635321104697,supercritical,False,/home/op/PROJECTS/langmuir_rebuild/data/raw/era5_cache/54p530_6p446_20250829_20250908.json,copernicus_annotations_2026-03-24(2).csv
e4d4dd4d-1926-4f37-a69c-32eefafb6b88,2024-07-23,neagh,wiggle,wiggle,186.2168896551724,e4d4dd4d-1926-4f37-a69c-32eefafb6b88,30.0,,,14.5,-15.684147,15.684147,54.678204578758034,-6.382526332702126,3.125,3.4678571428571425,3.36,3.11,4.31,0.3859853544858288,5.5,4.5,5.5,0.0,333.6128256318673,340,6460.011086635345,6549.550831564062,6460.011086635345,7086.789301136366,18272.610980409496,227.98365832790026,227.98365832790026,188.209764,227.98365832790026,227.98365832790026,227.98365832790026,19800.0,5.5,0.0036484483896208715,0.003910125985201164,0.05722280086472702,23007.985158412994,23007.985158412994,0,0,True,False,0.0,39.77389432790025,0.0,39.77389432790025,0.0,supercritical,False,/home/op/PROJECTS/langmuir_rebuild/data/raw/era5_cache/54p678_6p383_20240713_20240723.json,copernicus_annotations_2026-03-24(2).csv
d4f98445-4755-48ae-9462-0bbe2026a726,2024-08-14,neagh,wiggle,wiggle,213.7673142857143,d4f98445-4755-48ae-9462-0bbe2026a726,8.0,,,3.5,-13.671252,13.671252,54.67112624305359,-6.297922417335459,3.91,2.424285714285714,2.18,1.35,3.91,0.91838145113886,5.5,5.5,5.5,0.0,191.6663455216596,200,14211.576598664786,20567.83595721511,14211.576598664786,25188.035573367324,17280.361092099767,201.55544436305618,201.55544436305618,164.055024,201.55544436305618,201.55544436305618,201.55544436305618,12600.0,3.5,0.004827060488127936,0.0045093367519432005,0.06599196035244002,15593.309573205492,15593.309573205492,0,0,True,False,0.0,37.50042036305618,0.0,37.50042036305618,0.0,supercritical,False,/home/op/PROJECTS/langmuir_rebuild/data/raw/era5_cache/54p671_6p298_20240804_20240814.json,copernicus_annotations_2026-03-24(2).csv
eb11aa51-3619-420f-93c5-90865dcf96d8,2025-08-12,neagh,wiggle,wiggle,346.71206,eb11aa51-3619-420f-93c5-90865dcf96d8,6.0,,,2.5,-16.313763,16.313763,54.66387149545727,-6.4480370256040365,1.755,1.4992857142857143,1.57,1.11,1.81,0.23970858157694866,5.5,5.5,5.5,0.0,153.4586884171572,160,5152.429427674721,6042.447993693345,5152.429427674721,6709.961918207313,19241.068123155415,246.48215796871,246.48215796871,195.76515600000002,246.48215796871,246.48215796871,246.48215796871,0.0,0.0,0.0019458382551576113,0.0021691147399918636,0.031743944130974804,48478.63157925313,48478.63157925313,0,0,True,False,0.0,50.71700196870998,0.0,50.71700196870998,0.0,supercritical,False,/home/op/PROJECTS/langmuir_rebuild/data/raw/era5_cache/54p664_6p448_20250802_20250812.json,copernicus_annotations_2026-03-24(2).csv
