group_id,category,label,observation_date,n_points,lat,lng,lat1,lng1,lat2,lng2,length_m,bearing_deg,group_index,dist_from_prev_m,meters_per_px,zoom,map_center_lat,map_center_lng,first_timestamp,last_timestamp,source_files,bathymetry,fetch_0,fetch_20,fetch_40,fetch_60,fetch_80,fetch_100,fetch_120,fetch_140,fetch_160,fetch_180,fetch_200,fetch_220,fetch_240,fetch_260,fetch_280,fetch_300,fetch_320,fetch_340,x,y,dist_to_grid
03235bff-e963-47d3-a80b-e112903f105b,manual,,2024-03-22,54,54.56209538004077,-6.390520959879203,,,,,,,26.5,41.38043773584906,2.769997,15.0,54.5619,-6.38361,2026-03-24T18:18:17.921Z,2026-03-24T18:20:52.468Z,copernicus_annotations_2026-03-24(2).csv,-14.412571,4091.711015334178,8419.986956561846,8253.518803948928,11143.27664333182,16983.405634759125,16337.347231553436,18614.5043619483,9669.383680289387,9617.438365696891,12889.188890359655,13323.810178722477,7484.2400899016,7054.508011444345,7310.88566217178,6868.372459370343,5581.090103699764,4733.973900135717,3401.813479517591,304185.6805999996,369386.74990000017,22.407055023450464
0345649c-7a74-47f3-bc24-76e4b2c44aa7,manual,,2025-12-12,32,54.67933333752662,-6.410492659702437,,,,,,,15.5,69.8883,2.76247,15.0,54.67263,-6.41314,2026-03-20T19:59:07.985Z,2026-03-20T20:00:01.551Z,copernicus_annotations_2026-03-20(1).csv,-16.401686,9448.71659226541,11867.361202380847,4899.591631912448,3140.6056943131284,2526.241914593673,2569.2248185020376,3726.903029783572,3622.999909363312,8169.391501474751,7248.515840106702,6957.364834659065,7757.309087973433,20677.76926039917,18384.055699506986,20372.90249184064,13624.571287323868,8925.872141541382,7931.823319703379,302585.6805999996,382386.74990000017,24.88610992064168
0491cf85-cd53-4f82-9fd2-1161bf079129,stream,,2024-09-18,29,54.572526307863924,-6.394143544427273,,,,,,,14.0,63.240607142857144,2.769382,15.0,54.570949999999996,-6.394,2026-03-24T16:15:30.914Z,2026-03-24T16:16:32.357Z,copernicus_annotations_2026-03-24(2).csv,-15.015375,5511.647288094042,6524.6228244462245,6427.294183253451,18779.48582932357,15069.314458283015,15314.733480419296,18051.564688207374,9586.722471910169,8607.078190755465,10750.33049864939,14384.756317946454,11528.81119991296,8132.953570742532,7518.364294469698,8111.660945987312,5188.412963494447,5425.959174383354,4455.520721299805,303885.6805999996,370586.74990000017,44.563396736018696
0574dd04-f7c8-47e0-a10b-74b384616825,stream,,2025-09-08,12,54.53287813805014,-6.417332652587682,,,,,,,5.5,99.39977272727273,2.772249,15.0,54.52874,-6.41327,2026-03-24T11:35:25.864Z,2026-03-24T11:36:04.280Z,copernicus_annotations_2026-03-24(2).csv,-9.172315,3988.6003404265502,5279.685137070292,9069.17452434215,14655.69323790452,19771.647238179004,19341.99101871598,11352.699148453588,9940.219367231288,10928.015353805316,12362.635985889414,4371.17052124036,3728.810324444655,3255.190492080744,2231.7244468825475,5176.472197162016,4526.4777409669305,5724.207109131262,4741.649381743213,302485.6805999996,366086.74990000017,20.450614895146085
1214dea6-6cf1-44c7-8b6e-454f4aee918f,manual,,,60,54.62692579227757,-6.379948310853494,,,,,,,29.5,47.990567796610165,2.777778,15.0,54.62446,-6.37396,2026-03-20T18:47:45.660Z,2026-03-20T18:50:06.083Z,copernicus_annotations_2026-03-20(1).csv,-14.114888,4740.24751755473,5508.730599930563,10046.863094495844,12825.79476274697,9147.28451909421,8443.393053944626,9916.540502193604,12619.79650104609,8927.393506490804,8311.861414553947,9513.045786135155,17400.36792459146,14122.964212782115,12740.241845972536,10584.046241259332,8448.484567456142,6619.740594285861,4262.7041726849,304685.6805999996,376586.74990000017,35.13596273706748
13f4bc67-64a0-4138-a77e-24a90a3dbc43,stream,,2025-09-08,11,54.64333124829764,-6.454618348222363,,,,,,,5.0,183.87415000000001,2.76454,15.0,54.64219,-6.45756,2026-03-24T11:37:39.227Z,2026-03-24T11:37:54.325Z,copernicus_annotations_2026-03-24(2).csv,-15.955824,10083.275477101735,13346.316988543726,13042.301230636924,7604.665830429416,7544.531286944488,12000.415035580603,9553.294049970144,5695.256460447455,3689.9836960888856,2828.3510172454407,3423.3756977780736,3894.454485890801,15899.55218950996,14138.34335682449,14502.171849100132,13973.504727475887,12567.602620028954,9480.294727331184,299785.6805999996,378386.74990000017,58.014730126461146
14fe7ae8-d764-4d46-9368-b9d997fc7356,stream,,2024-08-14,11,54.69839485854614,-6.346915809284548,,,,,,,5.0,41.694759999999995,1.380374,16.0,54.69794000000001,-6.34675,2026-03-24T17:01:47.136Z,2026-03-24T17:02:16.650Z,copernicus_annotations_2026-03-24(2).csv,-11.314143,6632.988047827384,7006.944608313767,3650.6138756096566,2269.270020461716,952.4784199592324,889.9879313133688,1144.7863317268498,1194.805006946469,1188.5503982869675,6744.931320783624,11509.509384315268,13084.51821901119,25178.88234903918,22212.285892594857,15480.241705384167,6313.4824638775135,5708.0784373399065,5956.850039547969,306585.6805999996,384586.74990000017,57.06411209294951
215706c1-3e3b-4726-8e17-b1dc20d79ca9,manual,,2025-09-26,65,54.610839250599454,-6.437407228534103,,,,,,,32.0,35.5749875,2.766673,15.0,54.61081,-6.43151,2026-03-24T11:25:48.401Z,2026-03-24T11:28:25.188Z,copernicus_annotations_2026-03-24(2).csv,-16.602852,7664.335103797552,9440.290699121537,17141.323237052384,13557.655201035264,10397.472698481291,11283.143592235776,11726.14086778392,5323.923388684833,4870.862151331766,4645.140389203676,6227.982528923442,14013.431723015196,13867.913824459029,10830.255160461082,13983.621401286808,11914.3989259288,9163.539561946314,10645.496355816207,300985.6805999996,374786.74990000017,46.6839378489045
27c82753-bb1a-40c3-b4c8-11ec016d6ff4,manual,,2025-12-12,17,54.56300336553704,-6.44439417149941,,,,,,,8.0,87.91182500000001,5.539807,14.0,54.56328,-6.4016,2026-03-20T19:56:01.348Z,2026-03-20T19:56:47.911Z,copernicus_annotations_2026-03-20(1).csv,-12.718764,7591.711015334178,9910.059584440827,11499.785084404735,21173.026635015547,15806.182238369453,21079.68753972045,8427.91477808582,6388.186398130043,7218.887087053444,9389.188890359655,10967.439662046982,9356.935670273013,5627.74325054762,5827.525556754104,5921.64546152645,8305.30723839425,8061.603647426198,7882.99778924673,300685.6805999996,369386.74990000017,27.312736013126933
29c725b0-160f-4c13-a916-84db1ec33ea4,manual,,2025-02-05,44,54.54493615086265,-6.384614697383171,,,,,,,21.5,44.8625976744186,2.771349,15.0,54.541990000000006,-6.37756,2026-03-24T15:21:40.143Z,2026-03-24T15:23:29.670Z,copernicus_annotations_2026-03-24(2).csv,-10.822725,4137.332239637559,3506.798634283918,10034.407040037286,8321.665491242042,19252.40725534744,18022.61765570561,19367.316888158224,10732.670586893804,11688.289187613387,13904.937379265904,11850.1720993951,6221.884791271753,4112.191780655709,6493.731848100053,4902.321700402034,5414.6584043623,2390.5115198470608,3402.900872898469,304585.6805999996,367486.74990000017,4.237455647955326
2b2acb35-4ebb-4a79-9a29-7ab477e1e115,manual,,2025-03-12,54,54.671684357475264,-6.463956072183769,,,,,,,26.5,43.20777547169811,2.762589,15.0,54.67087,-6.45468,2026-03-24T15:02:16.256Z,2026-03-24T15:03:53.691Z,copernicus_annotations_2026-03-24(2).csv,-15.079333,12129.699492099173,15126.527198500728,5367.960545243791,4420.564696394146,2990.591792827589,8888.798115158903,6385.631986526406,5370.150595132253,4105.301007302903,3802.892106186191,3619.190989211367,3715.568107051293,5130.348124728002,18782.24149117983,17662.966675770986,17386.759810805674,13975.187297256223,11285.049257161225,299185.6805999996,381486.74990000017,39.305562017336776
2d56ea34-de25-4754-9937-131c87691550,manual,,2024-03-30,53,54.64226840792184,-6.388251249941961,,,,,,,26.0,38.79219807692308,2.7647749999999998,15.0,54.63874,-6.37932,2026-03-24T18:01:20.192Z,2026-03-24T18:02:55.804Z,copernicus_annotations_2026-03-24(2).csv,-14.120935,5784.844520157902,7222.808369104666,12634.796641324623,10073.894573600954,6844.100686565946,6784.568884855094,8675.624106975385,12092.792749664715,9254.190617810757,7136.641009123996,7747.775948823891,17401.618293290354,17656.98286570552,15120.312801398615,16113.696617014884,10276.403226942995,7986.94563248932,5580.6381811789415,304085.6805999996,378286.74990000017,36.17625499521576
3076b16b-4568-4791-a2fa-4c738ff72047,stream,,2025-09-08,17,54.548668671978554,-6.470354378752016,,,,,,,8.0,89.53478125,2.771148,15.0,54.54495,-6.47326,2026-03-24T11:36:30.059Z,2026-03-24T11:36:56.832Z,copernicus_annotations_2026-03-24(2).csv,-10.000265,8572.79297272797,14059.870154474209,13621.208911225143,21939.867766703825,17600.980391451114,19526.710624452164,6437.185148782595,6494.193870779644,6655.289729974428,8297.372989691095,8004.414176381386,7070.4843979138,4025.174263544795,3230.349673733502,4203.295670753335,5040.521455565476,7550.02776323119,8562.46822549134,298985.6805999996,367786.74990000017,46.89967875013453
3eed8c43-7c6a-4c84-96aa-705199885435,stream,,2024-09-06,10,54.594550248687554,-6.489487492523668,,,,,,,4.5,89.37044444444444,2.767653,15.0,54.5964,-6.49871,2026-03-24T16:23:59.334Z,2026-03-24T16:24:22.835Z,copernicus_annotations_2026-03-24(2).csv,-12.150752,12363.95699328964,12769.67941630722,21005.191806867944,14104.947942127885,11721.142455019371,5217.326259369138,2537.1437792804654,1967.9757676321292,1994.3911738721692,2298.715221211314,2888.747358261369,9032.479237759817,9753.45317749718,10035.768273429583,8901.501212693942,12190.560493861754,10620.886820243362,11073.103600512166,297685.6805999996,372886.74990000017,26.5186413099053
51de510b-9548-4608-8016-7f3aca78431a,stream,,2025-08-07,24,54.644764131476414,-6.316219044952536,,,,,,,11.5,39.37512608695652,2.76446,15.0,54.64336,-6.319030000000001,2026-03-24T12:04:58.408Z,2026-03-24T12:05:30.298Z,copernicus_annotations_2026-03-24(2).csv,-13.682244,1041.3433954630163,1031.3780189599695,2195.455675680462,9211.428230378178,8588.24076887887,8006.054444576038,7380.181836888901,10486.153655442691,14645.847119079646,12000.647300000186,13497.676847111768,21724.99697098102,17580.726833372148,12656.538643150656,2591.389509233898,1777.5378352362557,1340.7972790338629,1154.121067618293,308785.6805999996,378686.74990000017,40.47127602811469
53e3f447-3e47-4526-8528-8f8722352c4a,manual,,,45,54.621421531728814,-6.371385371149362,,,,,,,22.0,44.44695,2.777778,15.0,54.62446,-6.373960000000001,2026-03-20T17:41:56.919Z,2026-03-20T17:43:44.535Z,copernicus_annotations_2026-03-20.csv,-13.950232,3890.841430000146,4793.352347955402,7249.422084151106,13728.755873371863,10172.672251762497,9167.674751382065,11243.58558050621,13441.284367567978,9715.277367743714,8477.881798727845,10648.40020075607,17590.533039103473,13525.626845949104,13982.668963071355,10386.592611146563,7650.83735462942,5749.901786056249,3584.5506295176074,305285.6805999996,375986.74990000017,51.26190833727173
5ba1f800-1288-4148-82b2-8b568dc8a8b9,manual,,2024-03-30,39,54.67560640725435,-6.358476639145937,,,,,,,19.0,42.64070789473684,2.76243,15.0,54.67322,-6.35585,2026-03-24T18:04:35.867Z,2026-03-24T18:05:48.193Z,copernicus_annotations_2026-03-24(2).csv,-14.624072,5808.027404345456,8360.307793115631,8673.057868149128,5713.92607611187,3396.023874857648,2954.1609583162394,3541.7329811034747,4666.960159365728,11851.841997927437,10557.154211629995,9826.994570210038,13295.700061378078,21851.29857760807,19369.1922066265,12969.633012690148,6658.636066856498,5002.499000627839,4984.862681173679,305985.6805999996,382086.74990000017,47.04138027172862
5d696837-6c59-4ff5-ae6f-4d45291bf244,stream,,2024-08-09,13,54.67215398199601,-6.411144013107896,,,,,,,6.0,94.71690833333334,2.762681,15.0,54.66953,-6.39992,2026-03-24T17:06:44.722Z,2026-03-24T17:07:09.145Z,copernicus_annotations_2026-03-24(2).csv,-16.171812,8810.914673114312,12274.428287693818,8433.435157141887,4091.996870347793,3353.9886549306298,3642.341833045269,4260.698519648711,8785.46590913422,8134.193653914584,7214.518635025946,6853.542326839501,7977.912897906167,20015.16582850847,17673.08727681854,19565.67758389281,13660.27485821207,8628.1907218308,7660.941649540993,302585.6805999996,381586.74990000017,40.43456546446183
62069e93-48f8-403b-8b0f-73422dd00c30,manual,,2024-02-29,63,54.662397973550945,-6.338815958992675,,,,,,,31.0,47.9775129032258,2.763113,15.0,54.66317,-6.33066,2026-03-24T18:31:32.927Z,2026-03-24T18:33:37.046Z,copernicus_annotations_2026-03-24(2).csv,-13.626177,3493.278606093023,4959.963661703393,8548.618212803412,8345.344456383089,6127.851920866538,4952.250514981076,5242.764292995818,7296.825304990407,12942.58122743957,11581.962509250792,11416.082229495045,22418.15597509441,18390.993084319423,19022.872410770982,11411.384162054796,4411.802607730115,3364.8516307882865,2867.5677770723014,307285.6805999996,380586.74990000017,61.49093761718214
689b3034-30eb-42ca-bff8-79caf7918f5f,stream,,2025-08-17,40,54.593892758873736,-6.381769334526046,,,,,,,19.5,43.66888461538461,2.76782,15.0,54.593939999999996,-6.38147,2026-03-24T11:48:12.241Z,2026-03-24T11:49:30.925Z,copernicus_annotations_2026-03-24(2).csv,-13.0786,5432.020364564611,5167.91315753755,6520.631945282602,16546.675057227287,12835.22021628991,12283.896043512032,17536.185532027976,10599.62288038154,8398.26300286742,9289.26165988046,14887.754078412196,14864.407007785054,10363.53992875348,10733.98105091369,7073.97168632104,5450.934995165105,5672.515537093779,6324.055076203587,304685.6805999996,372986.74990000017,58.37838754676753
6a071d52-c1fc-4799-bd5a-12e9a1a44e99,manual,,2025-11-02,44,54.569962233017485,-6.498426374283218,,,,,,,21.5,49.44464651162791,2.769736,15.0,54.56575,-6.50584,2026-03-24T10:23:59.758Z,2026-03-24T10:25:32.005Z,copernicus_annotations_2026-03-24(2).csv,-10.773585,12175.477842186752,13684.398040823917,19645.488169954457,17909.321547811272,14568.299250700817,4479.549412203727,3455.4139077582,2856.5183732907244,3882.901357889384,4475.898954406672,6884.991861519224,7538.993422545725,6753.5230486498585,7189.722028861793,5515.989659809606,7873.674187112335,12280.73876733977,11215.975377433188,297185.6805999996,370086.74990000017,31.87079820402303
6d5fdbf3-cdef-4945-ab2d-ea10aedefe14,stream,,2024-07-28,26,54.68064572013595,-6.368736141328098,,,,,,,12.5,32.44494,1.380912,16.0,54.68211999999999,-6.36911,2026-03-24T17:40:42.140Z,2026-03-24T17:41:37.123Z,copernicus_annotations_2026-03-24(2).csv,-15.057747,6874.04279594624,9398.652822352553,8155.034549403233,4659.181092902,2947.1916402443508,2586.4205388266814,2771.1449104627754,3871.3307517448784,5740.176931716858,9955.084950000048,9732.54637697724,11533.136941479215,22871.80649821704,19090.72240664972,14215.721282943668,7738.235891178107,5910.033101769172,5845.846903559459,305285.6805999996,382586.74990000017,36.59553889753022
75c3f919-db63-46e2-8409-24b4ad241d28,manual,,2025-12-12,32,54.56260375843491,-6.418145967454722,,,,,,,15.5,56.23269677419355,2.769924,15.0,54.56297,-6.41447,2026-03-20T19:57:05.920Z,2026-03-20T19:58:03.437Z,copernicus_annotations_2026-03-20(1).csv,-12.855518,5891.711015334178,7467.095037090448,8171.535803241452,20847.9155355345,15952.51107845478,15275.358461813525,11848.01524271718,7855.361510467073,7955.498534455982,11089.188890359655,11719.75909948186,9578.936670695231,5937.1069311198335,5983.244933376568,8050.174976472122,8370.189943074749,5285.246816014916,6486.637948749565,302385.6805999996,369386.74990000017,21.767004114016995
7d7bccdf-13c4-4d5c-8e7b-bf78dd716e65,stream,,2025-09-08,16,54.53042168966496,-6.446392360782609,,,,,,,7.5,74.41709999999999,2.772204,15.0,54.52941,-6.4461,2026-03-24T11:34:05.620Z,2026-03-24T11:34:37.486Z,copernicus_annotations_2026-03-24(2).csv,-7.5989895,5817.847439166973,7265.279075723172,14332.276451702504,24813.31972226661,19473.71676199371,24037.13394175233,9306.996583067074,9028.283900477636,10143.42837512478,10337.736408643832,7463.431236916849,1942.408809328082,2081.102748155394,2470.3887454686223,2554.959926061972,2504.202262747951,5629.625016362391,7874.573124633515,300585.6805999996,365786.74990000017,41.92691588922759
85d72389-649d-4fcc-aea6-5b5085521247,manual,,2024-10-01,33,54.59065247037907,-6.397605611489192,,,,,,,16.0,41.50606875,2.768099,15.0,54.58983,-6.40065,2026-03-24T16:06:18.113Z,2026-03-24T16:07:18.877Z,copernicus_annotations_2026-03-24(2).csv,-10.588494,6328.035509135283,6337.996410056037,8090.945847663897,17532.693776271288,13151.705491245984,13120.109881754008,16488.679348256563,8731.206176654186,7590.587780306082,8483.60645248997,13717.062220290443,14214.418435510988,9579.20383149347,8872.907032963873,10229.6215297192,7814.191569619219,5759.020722189098,6233.804578254491,303585.6805999996,372586.74990000017,55.17827109603852
861653e0-a21c-4737-a3c3-644e0d37a900,stream,,2025-08-07,19,54.70690481993844,-6.252645643390065,,,,,,,9.0,44.74076111111111,2.760112,15.0,54.70728,-6.23723,2026-03-24T12:07:34.745Z,2026-03-24T12:08:14.615Z,copernicus_annotations_2026-03-24(2).csv,-9.49266,1451.6479085112803,1219.0185561456487,1284.3865533758317,1278.4149269608176,1638.445278206192,2124.6847790661423,2456.138063935457,2753.0727928373385,3773.4968674284887,5762.940521603625,17158.294720306283,28757.072411334557,25666.042498223003,3236.301160201804,1857.8783937420085,1211.5677698765833,1184.702724153903,1337.114783752844,312685.6805999996,385686.74990000017,34.30057390296549
86f4e510-de58-4a07-bdc1-c3af2012e61d,manual,,2025-11-24,66,54.56148424877953,-6.457614992980714,,,,,,,32.5,50.8905523076923,2.769962,15.0,54.56242,-6.45288,2026-03-20T20:13:42.849Z,2026-03-20T20:15:24.154Z,copernicus_annotations_2026-03-20(1).csv,-11.911749,8317.393128646712,10961.0669918551,13036.375699604328,20309.560986156397,16128.167837433446,20387.87228307082,6772.731509796966,5747.489227399947,6615.529535009781,8713.460099999793,10099.654734322175,7622.421206011362,5641.04455734939,5007.217308302862,6015.153133949642,9228.640000000576,9801.195450320209,8479.461316536392,299785.6805999996,369186.74990000017,54.62987881907716
8a978be2-161a-422f-acfe-0ec430ff43ef,stream,,2024-09-18,30,54.62699289845644,-6.342189524612364,,,,,,,14.5,44.690724137931035,1.382812,16.0,54.62626,-6.34096,2026-03-24T16:12:48.618Z,2026-03-24T16:13:39.906Z,copernicus_annotations_2026-03-24(2).csv,-13.9549,2352.927545729908,2897.2949485337263,3522.0410829101133,12059.735539953212,10490.44770282031,8577.932668644022,9643.412691810909,15662.942164132744,12058.12899859355,10527.872932676866,12901.995166779529,19217.459721317227,14938.865528601653,14995.835151055524,7368.518621346475,5112.871117290344,2188.112499900536,2221.7748901878285,307085.6805999996,376686.74990000017,33.60023769884643
8f9b00c1-7390-42db-9dc5-f29fd519f71f,stream,,2025-08-17,38,54.61428816961975,-6.4631512994947204,,,,,,,18.5,41.38408648648649,2.766582,15.0,54.612159999999996,-6.46369,2026-03-24T11:45:35.151Z,2026-03-24T11:47:05.821Z,copernicus_annotations_2026-03-24(2).csv,-14.655547,9300.484625182233,11098.94816993577,18201.83939209211,11555.225954920514,10734.862507710115,14979.057066004303,8005.853440172244,3582.9600998127157,2839.1133337948445,2966.764157455531,3689.6500976312936,11354.693097914143,12450.513805056666,10908.328704758553,11874.44008403753,14804.004465949702,10463.119501406629,12149.123969702558,299385.6805999996,375086.74990000017,47.80810063426975
96b58610-86ec-4e05-8e6b-e9ca71a7e103,manual,,2025-12-02,45,54.62598631163349,-6.356038564910834,,,,,,,22.0,41.97626363636363,1.382755,16.0,54.62792999999999,-6.354990000000001,2026-03-20T20:05:17.436Z,2026-03-20T20:06:37.495Z,copernicus_annotations_2026-03-20(1).csv,-13.589301,3240.2475175547297,3884.1219468881454,5633.476788266229,12808.118169383972,10011.48660637178,8670.18932573501,10651.509762425385,14809.670505311942,11175.782018048969,9811.861414553949,11801.84287142011,18653.20780655649,14367.62254523847,15747.138710470965,8204.403358340494,6885.334396565571,5369.602515226681,2976.4158904951,306185.6805999996,376586.74990000017,53.83277706254026
9ab21fee-caaa-4d83-9dde-75ac31454a92,manual,,2025-11-24,49,54.63081651708624,-6.438369070347018,,,,,,,24.0,66.26376666666667,2.7654549999999998,15.0,54.62873,-6.431379999999999,2026-03-20T20:10:52.020Z,2026-03-20T20:12:45.080Z,copernicus_annotations_2026-03-20(1).csv,-16.651491,8705.25614784914,10528.23881684004,15803.307770706757,9389.318182069088,8205.48659069464,8805.942541583023,11346.139181562286,7199.437614251256,4171.439373987404,4348.464350161317,4502.221593654262,7742.445323680344,15758.905045785108,12933.204739137542,15933.515767777018,12953.88959618498,11103.435562870434,12054.395994266266,300885.6805999996,376986.74990000017,21.75432630468682
9c2a1b36-9fa3-48da-9df0-5e78537a7bde,manual,,2024-02-29,60,54.56184208119875,-6.467662466888118,,,,,,,29.5,37.19904237288136,2.769953,15.0,54.56255,-6.46163,2026-03-24T18:26:59.336Z,2026-03-24T18:29:15.506Z,copernicus_annotations_2026-03-24(2).csv,-11.723264,9035.757777677733,13848.807857737862,13952.369831940614,20383.363035502927,16110.317331578945,18375.71476980049,5785.84202068627,5271.413730064563,6080.138797059612,8120.835190475511,9597.899143845496,7839.126439677071,7364.731382632073,4744.164494078938,5995.394460282756,6054.4511106388245,10610.183541785203,9100.275808665954,299185.6805999996,369286.74990000017,38.29794589133425
a2c30aab-e595-4427-9775-f0c5216ae9f1,stream,,2025-08-17,17,54.542826316570995,-6.528625641514994,,,,,,,8.0,87.3306125,2.771383,15.0,54.54149,-6.52081,2026-03-24T11:42:23.237Z,2026-03-24T11:42:44.434Z,copernicus_annotations_2026-03-24(2).csv,-7.476474,12750.478555232869,15445.71192777655,18873.946684568786,21330.26810594371,8653.277387332682,5094.157468374448,4240.64531242264,4160.124616091199,4779.416972534869,4521.740903264552,4308.539203937303,4148.895666334333,4273.324940988323,4035.3240257613,4056.016037665253,3213.1768030938247,3784.170322147785,12831.917496670176,295285.6805999996,367086.74990000017,38.85085408028131
a6b9d9ab-a28f-4097-9436-ec4f34e4012d,manual,,2025-04-06,42,54.53767036518645,-6.5024311302837345,,,,,,,20.5,39.25008292682927,2.772012,15.0,54.53222999999999,-6.4991900000000005,2026-03-24T12:32:19.736Z,2026-03-24T12:33:35.191Z,copernicus_annotations_2026-03-24(2).csv,-7.514905,10922.525228315382,15072.34912549409,16555.013944107643,23722.963965335097,19366.31855490109,6989.916067150487,6186.757818100147,5556.51112507405,6585.4210947165175,6843.973298008146,5120.03568906382,4749.05035843904,3842.9000819060666,2368.269147123342,2054.439448342247,2113.2811686374166,2735.077514586418,11025.839524226803,296985.6805999996,366486.74990000017,24.66518538239865
aca30c86-591e-4860-836f-85dc75dd5455,manual,,2025-03-12,45,54.57084208889517,-6.379625239257902,,,,,,,22.0,51.52653409090909,2.769488,15.0,54.56939,-6.38138,2026-03-24T15:05:13.474Z,2026-03-24T15:06:40.713Z,copernicus_annotations_2026-03-24(2).csv,-14.219376,4546.472761708777,4784.604649312544,6815.444097100832,9838.546794710704,16409.947665100754,14896.18900727868,19066.71745369294,10800.734271059537,9605.347439157104,11548.867029717016,14443.353672806305,8912.970349795556,8220.521310614851,9515.37432089938,4471.261690964166,5263.0636160722925,3297.298775118382,3459.5182160210943,304885.6805999996,370386.74990000017,40.49334580079877
afee9388-78f5-4a15-bfb3-8604d959feeb,manual,,2024-10-11,49,54.61131549361896,-6.353593593644315,,,,,,,24.0,41.32171666666667,2.7667000000000006,15.0,54.61042,-6.35735,2026-03-24T15:57:15.358Z,2026-03-24T15:59:17.374Z,copernicus_annotations_2026-03-24(2).csv,-14.300511,2249.3177880377043,2956.106491502877,4471.275733443073,13800.634333881871,12033.87653896532,10391.889572208149,12274.093728229136,14890.02165842908,10046.100702339538,10037.770008350317,15979.653896045787,17836.26515182394,13145.413716042269,13863.141851818504,6514.331483746392,6026.454110694722,4138.143274357379,6194.456220303028,306385.6805999996,374886.74990000017,52.97572759888183
b38352e8-726c-49b8-b375-c36369f1dbd3,stream,,2024-07-23,13,54.57184592244035,-6.397940138362129,,,,,,,6.0,189.49900833333334,2.769537,15.0,54.56867,-6.400350000000001,2026-03-24T17:49:02.427Z,2026-03-24T17:49:26.561Z,copernicus_annotations_2026-03-24(2).csv,-14.784148,5766.844749319891,6722.094495759132,6470.24886448515,18997.376692315484,15281.26205628218,15599.364130514652,17409.252311383512,9528.272480202912,8423.148941724634,10453.336018628674,14180.216797186,11276.2328961102,7907.110605118509,6660.128460825978,9177.541753900356,5350.651675945656,5780.76593111055,4607.404410708505,303685.6805999996,370486.74990000017,35.03469670698862
b954c4e2-5ef8-4a67-a07a-dfdabe3b9e55,manual,,2025-03-30,25,54.64598173068303,-6.404583750915418,,,,,,,12.0,42.407941666666666,2.764618,15.0,54.64104999999999,-6.40245,2026-03-24T14:57:25.794Z,2026-03-24T14:58:04.896Z,copernicus_annotations_2026-03-24(2).csv,-16.1199,6741.343395463016,8982.305060417297,13091.460487356217,9135.286705774475,6569.780375822753,6621.877053321753,6661.698694046033,10660.718539460302,8198.344605764292,6300.647300000186,7023.791926846346,10581.804380508862,18384.586736932437,15627.533336965324,16618.43278359879,10815.758807916896,9069.372400043318,6652.186087558778,303085.6805999996,378686.74990000017,47.97523320206646
bf879a2a-e8b6-4cb9-a05d-bb3db0adad46,manual,,2025-02-28,50,54.66803885659089,-6.351403736419558,,,,,,,24.5,56.99612040816327,2.7628530000000002,15.0,54.66699,-6.34907,2026-03-24T15:09:57.340Z,2026-03-24T15:11:19.347Z,copernicus_annotations_2026-03-24(2).csv,-13.940416,4609.792965008935,6849.392583885845,8853.837612758554,6443.922918179645,5159.379929710986,4066.6895535235694,4434.360795223516,6165.096239404281,12258.973694689232,10911.042355951797,10345.360970182175,17055.659698104304,21238.545192281348,19456.927225032952,12153.77385101818,5812.568320602965,4549.661303030075,4105.526953131043,306385.6805999996,381286.74990000017,55.75499022836152
c62ccf45-4187-4aa4-902d-f6d1fed97795,manual,,2025-01-01,40,54.5304417799991,-6.394714811591528,,,,,,,19.5,41.203946153846154,2.772414,15.0,54.52632,-6.38353,2026-03-24T15:36:05.140Z,2026-03-24T15:37:02.361Z,copernicus_annotations_2026-03-24(2).csv,-10.028434,1689.873840425862,5040.639722044191,7132.197964904692,10143.31559218859,21044.78290268005,19775.813401467964,14193.405540393169,11163.220368898636,12008.998021088886,13769.62862696516,4850.365921788689,4073.191617475052,2974.8563855636667,5051.156405612462,3807.141822025601,4124.372643831093,4372.897963794455,3231.042319164004,303985.6805999996,365886.74990000017,29.311001923078503
d34d678c-51fc-4bd8-993b-3be4dcb2b81b,manual,,2025-02-25,48,54.65734077217576,-6.326990880412975,,,,,,,23.5,41.93975106382979,2.763594,15.0,54.6561,-6.32542,2026-03-24T15:14:51.494Z,2026-03-24T15:16:21.558Z,copernicus_annotations_2026-03-24(2).csv,-14.070537,2477.0251752215554,3204.627663117967,6661.535042704132,8827.659760064207,7103.7238651437065,5831.3586279110505,5794.906540284601,7570.505954450444,13796.76890839142,12000.223473708144,11919.31326359918,22694.247421514545,18236.857052586067,18169.21367776573,4810.128334576727,3381.040774434945,2445.4928418216696,1966.0142304280191,307985.6805999996,380086.74990000017,34.63561292747831
d41a61de-f731-4a7f-9bf2-52e9a14ecfa1,manual,,2024-10-11,50,54.55506370366507,-6.471246443328527,,,,,,,24.5,47.3132306122449,2.770587,15.0,54.55321,-6.46481,2026-03-24T16:00:51.211Z,2026-03-24T16:02:50.244Z,copernicus_annotations_2026-03-24(2).csv,-10.827325,8592.269688474014,11550.462762526737,14088.270312089266,21224.91008517769,16979.70005565301,18855.517272962235,6141.944814473118,5185.690278103854,6202.782470614564,8184.10418756248,8268.56084977137,6560.667905829495,6453.58089806673,3916.389779059472,5105.766360705322,5682.414022308902,9576.196092036333,7178.107853954743,298985.6805999996,368486.74990000017,27.057489323114336
d4f98445-4755-48ae-9462-0bbe2026a726,wiggle,,2024-08-14,8,54.67112624305359,-6.297922417335459,,,,,,,3.5,213.7673142857143,2.762752,15.0,54.66848,-6.29693,2026-03-24T16:59:08.302Z,2026-03-24T16:59:28.119Z,copernicus_annotations_2026-03-24(2).csv,-13.671252,1568.8479326303932,2385.6174510937867,4185.15791289642,6358.178410365212,6109.29397110459,5410.407436877254,5318.48934662902,5555.41106407285,10890.891786969654,14505.56640418584,14211.576598664786,25188.035573367324,20571.35994926504,6516.364789972876,1883.7629510302345,1535.3580417076528,1341.018581527471,1181.0027936428942,309885.6805999996,381686.74990000017,33.497289561487136
d5154891-f5d1-454d-bf86-7c8006598bf6,stream,,2025-08-17,48,54.545671963008196,-6.545192428493279,,,,,,,23.5,41.153463829787235,2.771206,15.0,54.54409999999999,-6.5409,2026-03-24T11:40:13.038Z,2026-03-24T11:41:46.774Z,copernicus_annotations_2026-03-24(2).csv,-7.087198,14521.99722574756,19213.399359350075,23105.28044731998,20484.223180745168,4456.991439406051,4049.264824088046,3000.8513620669405,3355.317753587713,3597.928733850487,3443.541706037533,4270.119764221119,3535.9914662145206,3553.2070425742736,4038.4314215061545,3896.589939325036,4331.066949598617,4661.181435375397,13988.592206379475,294185.6805999996,367386.74990000017,44.35058040972611
d955cd0b-4893-459e-8ee8-642a3864a351,manual,,2025-12-02,31,54.55062454847886,-6.47505961224936,,,,,,,15.0,48.18048666666667,2.771064,15.0,54.54619,-6.4712,2026-03-20T20:02:49.997Z,2026-03-20T20:04:02.007Z,copernicus_annotations_2026-03-20(1).csv,-10.221962,8699.744290909148,11466.777279507942,14344.376627588314,21798.803838549986,17571.229871287553,10333.86572060707,6055.104809043674,6156.631718221811,6410.415153581124,7968.893967814103,6954.601069163969,7112.312698250881,5881.745751108316,3377.8064747295566,3828.932965041433,5212.740582310034,7875.090703983005,8887.478817202511,298685.6805999996,367986.74990000017,37.51332021833068
de5a92dc-a7a9-4417-a6cb-41759789308a,manual,,2025-11-02,37,54.66777654921132,-6.394144639216204,,,,,,,18.0,58.309111111111115,2.762847,15.0,54.66709,-6.3934,2026-03-24T10:28:20.079Z,2026-03-24T10:29:24.587Z,copernicus_annotations_2026-03-24(2).csv,-16.129223,7308.91441281396,10811.190698217584,10599.535518928831,5090.715396874097,4009.9044549667783,3732.428778125849,5353.23790253908,5102.691905045179,9304.621602918894,8099.519399050681,7340.358676948175,9483.68797808284,19518.30421424864,18207.27911791649,15546.26428632662,12239.680868326688,7388.85501077819,6490.001508023959,303685.6805999996,381186.74990000017,46.82840453800944
e3c4104d-2ef6-4e7d-ad5d-55331dac38f1,manual,,2024-03-22,42,54.69124633608315,-6.313324705025384,,,,,,,20.5,35.71513414634146,2.761389,15.0,54.68851000000001,-6.305040000000001,2026-03-24T18:22:20.428Z,2026-03-24T18:23:41.903Z,copernicus_annotations_2026-03-24(2).csv,-13.809715,4277.877687392116,5661.16122407704,5412.352512558647,4408.696133363786,3258.5112280515923,2752.6197264103657,2974.1745871151884,2549.466402197134,3459.6039783894616,13862.107344444315,13457.010228959558,17803.843478273673,22566.374286944618,21968.13667159088,6058.258730902701,3901.5943971025736,3468.6704649702424,3636.471794148976,308785.6805999996,383886.74990000017,26.265237657617227
e4b83d80-94a0-465d-a452-72846860a6ce,manual,,2025-09-26,39,54.673663442366355,-6.458913028259,,,,,,,19.0,41.22745526315789,2.76287,15.0,54.66675000000001,-6.45352,2026-03-24T11:22:53.776Z,2026-03-24T11:24:19.897Z,copernicus_annotations_2026-03-24(2).csv,-15.557125,11968.847932630391,14779.201083110667,5078.320304498211,4217.722962789633,3673.292286082376,8697.018108653065,7207.871549752888,5986.369084486318,4509.784227271295,4105.56640418584,4017.6007068444087,4129.551086074472,6034.1442970080425,18327.92975646163,19799.672831413944,15747.17817472711,13760.86017716032,11015.308814063404,299485.6805999996,381686.74990000017,28.97566088862031
e4d4dd4d-1926-4f37-a69c-32eefafb6b88,wiggle,,2024-07-23,30,54.678204578758034,-6.382526332702126,,,,,,,14.5,186.2168896551724,5.525617,14.0,54.66765,-6.37259,2026-03-24T17:43:19.933Z,2026-03-24T17:44:41.753Z,copernicus_annotations_2026-03-24(2).csv,-15.684147,7556.034886003064,10344.185383321608,6991.814906155049,3810.7504555579194,2878.127211535133,2740.1190811647757,3155.446886932514,4749.992262490763,9935.925140656977,9002.56862272718,8767.82581440251,9885.526130737511,20844.595934995577,19309.786782960597,16782.77770720096,8496.103205979567,7086.789301136366,6460.011086635345,304385.6805999996,382286.74990000017,38.73339669164151
e85c4b2d-1b03-4c0c-9cb1-b896d8be3f41,manual,,2025-03-30,34,54.5213104115528,-6.384583495976907,,,,,,,16.5,38.66078484848485,2.773053,15.0,54.51691,-6.38151,2026-03-24T14:54:40.341Z,2026-03-24T14:55:39.664Z,copernicus_annotations_2026-03-24(2).csv,-8.60267,2361.328472500143,2128.573231763231,1618.4731351729642,11372.018819314357,22243.45149320553,21264.65874713248,15473.211899204323,12280.751510418087,13788.403761459384,13080.781326620316,2397.5355412187573,2720.4836915670385,3345.881549435526,3746.578154618885,3483.200179019845,2942.1108748258507,2219.735827271378,2276.3735425004397,304685.6805999996,364886.74990000017,43.66349452632272
eb11aa51-3619-420f-93c5-90865dcf96d8,wiggle,,2025-08-12,6,54.66387149545727,-6.4480370256040365,,,,,,,2.5,346.71206,2.76313,15.0,54.66292000000001,-6.44391,2026-03-24T11:54:45.640Z,2026-03-24T11:54:55.571Z,copernicus_annotations_2026-03-24(2).csv,-16.313763,10593.278606093025,14848.496259106154,6847.373404426429,5142.240629199783,5306.574758781287,5085.770582478092,8550.404159849382,6709.961918207313,5152.429427674721,4481.962509250792,4155.232122098507,4569.145206139541,17613.193767274468,16371.957478051872,19649.11023707087,14353.4900279071,12630.08556062012,10092.345468308242,300185.6805999996,380586.74990000017,48.39100387114354
ebff8dca-1084-42b1-ae1e-36564c64ae80,manual,,2025-02-25,39,54.561935216900146,-6.470204980257033,,,,,,,19.0,40.76162894736842,2.770344,15.0,54.5568,-6.46159,2026-03-24T15:17:44.625Z,2026-03-24T15:19:00.445Z,copernicus_annotations_2026-03-24(2).csv,-11.677404,9235.757777677733,13963.91968702141,14200.624220762693,20571.87221659514,16249.592501067022,18026.731296760416,5616.749948991586,4977.964704424249,5920.65159056316,7920.835190475511,9418.37323931129,7658.777048092555,7304.470585836567,4704.814672186911,5941.429332095669,6230.624610476803,10737.743729507629,9298.102474308656,298985.6805999996,369286.74990000017,38.22905469016981
f02369e7-328d-4f15-956c-6be72c20fc86,manual,,2025-11-25,33,54.627297325504344,-6.367834582602002,,,,,,,16.0,63.642425,2.765668,15.0,54.6256,-6.35306,2026-03-20T20:08:54.625Z,2026-03-20T20:09:36.917Z,copernicus_annotations_2026-03-20(1).csv,-13.681179,3952.927545729908,4665.64065459208,7186.136423625122,13005.754164268716,9664.893874586603,8467.629528677371,9963.793470887467,13776.71031712382,10122.937247378184,8927.872932676866,10756.364750376144,17332.540940725954,14045.886832870823,14720.700359430502,11073.66076355928,7819.84609664909,5941.478966962422,3638.6568668917553,305485.6805999996,376686.74990000017,24.041895011242318
f0a7eb78-4313-4550-9394-143c0bd05ea8,stream,,2024-07-23,16,54.69141496196277,-6.376749518146798,,,,,,,7.5,99.58981333333332,2.76154,15.0,54.6863,-6.38224,2026-03-24T17:46:21.293Z,2026-03-24T17:47:05.680Z,copernicus_annotations_2026-03-24(2).csv,-13.830235,8331.350134677428,8804.498431603657,2710.215968720975,1409.771039752851,1304.7872866862126,1366.2308211877132,1357.8246723296602,1793.690439602287,4453.259600147769,9678.433911428438,9575.374404676248,10542.566602661622,22678.89087769164,20831.111644798948,15655.665334324409,8988.255093944743,6749.973667573858,6979.001023978882,304685.6805999996,383786.74990000017,40.01152298680929
f968ba1c-9e66-42f1-b99f-5105787b2c7a,manual,,2024-08-09,42,54.638287028192195,-6.323069897090278,,,,,,,20.5,45.421670731707316,2.764918,15.0,54.636630000000004,-6.32134,2026-03-24T17:09:38.407Z,2026-03-24T17:11:42.645Z,copernicus_annotations_2026-03-24(2).csv,-14.555559,1569.3409794964828,1670.9744003099518,1898.516201320539,10135.102257272025,8902.995585936931,7844.596671017132,8238.296934247235,11169.106125198135,13791.016651803053,11537.431543665763,13306.847424430158,21137.120035933367,16775.361921486157,15515.549468389758,2747.651689654414,2009.050242188488,1656.295588518586,1567.823505272627,308285.6805999996,377986.74990000017,40.929014266853045
ffb0d6db-3275-4f2e-a47f-ee2b8ee50c6d,manual,,2025-10-28,36,54.57456528831466,-6.394279384078705,,,,,,,17.5,34.484857142857145,2.769461,15.0,54.56979,-6.38894,2026-03-24T11:15:52.646Z,2026-03-24T11:17:16.976Z,copernicus_annotations_2026-03-24(2).csv,-15.015992,6143.932631326083,6691.5636867820185,6219.864097824528,18641.188047137064,14866.405910188749,15085.840944227528,18038.486849877903,9559.456581837583,8543.481482837342,10694.739601875306,14519.21517328046,11574.732768837244,8277.959828390241,7672.388447487071,8410.165824717964,5309.115598452137,5451.449340641416,4559.03618723861,303885.6805999996,370786.74990000017,14.765985618665177
